fname,url,path
GLOBE14_I90VAR3_9k_2002182.mat,ftp://ftp.whoi.edu/MBON/GLOBAL/BETA/SDG14/seascape/MODIS_3VAR_MO9k//GLOBE14_I90VAR3_9k_2002182.mat,/Volumes/Best HD/mbon_data_big/satellite/seascapes/gl_curr/GLOBE14_I90VAR3_9k_2002182.mat
GLOBE14_I90VAR3_9k_2002213.mat,ftp://ftp.whoi.edu/MBON/GLOBAL/BETA/SDG14/seascape/MODIS_3VAR_MO9k//GLOBE14_I90VAR3_9k_2002213.mat,/Volumes/Best HD/mbon_data_big/satellite/seascapes/gl_curr/GLOBE14_I90VAR3_9k_2002213.mat
GLOBE14_I90VAR3_9k_2002244.mat,ftp://ftp.whoi.edu/MBON/GLOBAL/BETA/SDG14/seascape/MODIS_3VAR_MO9k//GLOBE14_I90VAR3_9k_2002244.mat,/Volumes/Best HD/mbon_data_big/satellite/seascapes/gl_curr/GLOBE14_I90VAR3_9k_2002244.mat
GLOBE14_I90VAR3_9k_2002274.mat,ftp://ftp.whoi.edu/MBON/GLOBAL/BETA/SDG14/seascape/MODIS_3VAR_MO9k//GLOBE14_I90VAR3_9k_2002274.mat,/Volumes/Best HD/mbon_data_big/satellite/seascapes/gl_curr/GLOBE14_I90VAR3_9k_2002274.mat
GLOBE14_I90VAR3_9k_2002305.mat,ftp://ftp.whoi.edu/MBON/GLOBAL/BETA/SDG14/seascape/MODIS_3VAR_MO9k//GLOBE14_I90VAR3_9k_2002305.mat,/Volumes/Best HD/mbon_data_big/satellite/seascapes/gl_curr/GLOBE14_I90VAR3_9k_2002305.mat
GLOBE14_I90VAR3_9k_2002335.mat,ftp://ftp.whoi.edu/MBON/GLOBAL/BETA/SDG14/seascape/MODIS_3VAR_MO9k//GLOBE14_I90VAR3_9k_2002335.mat,/Volumes/Best HD/mbon_data_big/satellite/seascapes/gl_curr/GLOBE14_I90VAR3_9k_2002335.mat
GLOBE14_I90VAR3_9k_2003001.mat,ftp://ftp.whoi.edu/MBON/GLOBAL/BETA/SDG14/seascape/MODIS_3VAR_MO9k//GLOBE14_I90VAR3_9k_2003001.mat,/Volumes/Best HD/mbon_data_big/satellite/seascapes/gl_curr/GLOBE14_I90VAR3_9k_2003001.mat
GLOBE14_I90VAR3_9k_2003032.mat,ftp://ftp.whoi.edu/MBON/GLOBAL/BETA/SDG14/seascape/MODIS_3VAR_MO9k//GLOBE14_I90VAR3_9k_2003032.mat,/Volumes/Best HD/mbon_data_big/satellite/seascapes/gl_curr/GLOBE14_I90VAR3_9k_2003032.mat
GLOBE14_I90VAR3_9k_2003060.mat,ftp://ftp.whoi.edu/MBON/GLOBAL/BETA/SDG14/seascape/MODIS_3VAR_MO9k//GLOBE14_I90VAR3_9k_2003060.mat,/Volumes/Best HD/mbon_data_big/satellite/seascapes/gl_curr/GLOBE14_I90VAR3_9k_2003060.mat
GLOBE14_I90VAR3_9k_2003091.mat,ftp://ftp.whoi.edu/MBON/GLOBAL/BETA/SDG14/seascape/MODIS_3VAR_MO9k//GLOBE14_I90VAR3_9k_2003091.mat,/Volumes/Best HD/mbon_data_big/satellite/seascapes/gl_curr/GLOBE14_I90VAR3_9k_2003091.mat
GLOBE14_I90VAR3_9k_2003121.mat,ftp://ftp.whoi.edu/MBON/GLOBAL/BETA/SDG14/seascape/MODIS_3VAR_MO9k//GLOBE14_I90VAR3_9k_2003121.mat,/Volumes/Best HD/mbon_data_big/satellite/seascapes/gl_curr/GLOBE14_I90VAR3_9k_2003121.mat
GLOBE14_I90VAR3_9k_2003152.mat,ftp://ftp.whoi.edu/MBON/GLOBAL/BETA/SDG14/seascape/MODIS_3VAR_MO9k//GLOBE14_I90VAR3_9k_2003152.mat,/Volumes/Best HD/mbon_data_big/satellite/seascapes/gl_curr/GLOBE14_I90VAR3_9k_2003152.mat
GLOBE14_I90VAR3_9k_2003182.mat,ftp://ftp.whoi.edu/MBON/GLOBAL/BETA/SDG14/seascape/MODIS_3VAR_MO9k//GLOBE14_I90VAR3_9k_2003182.mat,/Volumes/Best HD/mbon_data_big/satellite/seascapes/gl_curr/GLOBE14_I90VAR3_9k_2003182.mat
GLOBE14_I90VAR3_9k_2003213.mat,ftp://ftp.whoi.edu/MBON/GLOBAL/BETA/SDG14/seascape/MODIS_3VAR_MO9k//GLOBE14_I90VAR3_9k_2003213.mat,/Volumes/Best HD/mbon_data_big/satellite/seascapes/gl_curr/GLOBE14_I90VAR3_9k_2003213.mat
GLOBE14_I90VAR3_9k_2003244.mat,ftp://ftp.whoi.edu/MBON/GLOBAL/BETA/SDG14/seascape/MODIS_3VAR_MO9k//GLOBE14_I90VAR3_9k_2003244.mat,/Volumes/Best HD/mbon_data_big/satellite/seascapes/gl_curr/GLOBE14_I90VAR3_9k_2003244.mat
GLOBE14_I90VAR3_9k_2003274.mat,ftp://ftp.whoi.edu/MBON/GLOBAL/BETA/SDG14/seascape/MODIS_3VAR_MO9k//GLOBE14_I90VAR3_9k_2003274.mat,/Volumes/Best HD/mbon_data_big/satellite/seascapes/gl_curr/GLOBE14_I90VAR3_9k_2003274.mat
GLOBE14_I90VAR3_9k_2003305.mat,ftp://ftp.whoi.edu/MBON/GLOBAL/BETA/SDG14/seascape/MODIS_3VAR_MO9k//GLOBE14_I90VAR3_9k_2003305.mat,/Volumes/Best HD/mbon_data_big/satellite/seascapes/gl_curr/GLOBE14_I90VAR3_9k_2003305.mat
GLOBE14_I90VAR3_9k_2003335.mat,ftp://ftp.whoi.edu/MBON/GLOBAL/BETA/SDG14/seascape/MODIS_3VAR_MO9k//GLOBE14_I90VAR3_9k_2003335.mat,/Volumes/Best HD/mbon_data_big/satellite/seascapes/gl_curr/GLOBE14_I90VAR3_9k_2003335.mat
GLOBE14_I90VAR3_9k_2004001.mat,ftp://ftp.whoi.edu/MBON/GLOBAL/BETA/SDG14/seascape/MODIS_3VAR_MO9k//GLOBE14_I90VAR3_9k_2004001.mat,/Volumes/Best HD/mbon_data_big/satellite/seascapes/gl_curr/GLOBE14_I90VAR3_9k_2004001.mat
GLOBE14_I90VAR3_9k_2004032.mat,ftp://ftp.whoi.edu/MBON/GLOBAL/BETA/SDG14/seascape/MODIS_3VAR_MO9k//GLOBE14_I90VAR3_9k_2004032.mat,/Volumes/Best HD/mbon_data_big/satellite/seascapes/gl_curr/GLOBE14_I90VAR3_9k_2004032.mat
GLOBE14_I90VAR3_9k_2004061.mat,ftp://ftp.whoi.edu/MBON/GLOBAL/BETA/SDG14/seascape/MODIS_3VAR_MO9k//GLOBE14_I90VAR3_9k_2004061.mat,/Volumes/Best HD/mbon_data_big/satellite/seascapes/gl_curr/GLOBE14_I90VAR3_9k_2004061.mat
GLOBE14_I90VAR3_9k_2004092.mat,ftp://ftp.whoi.edu/MBON/GLOBAL/BETA/SDG14/seascape/MODIS_3VAR_MO9k//GLOBE14_I90VAR3_9k_2004092.mat,/Volumes/Best HD/mbon_data_big/satellite/seascapes/gl_curr/GLOBE14_I90VAR3_9k_2004092.mat
GLOBE14_I90VAR3_9k_2004122.mat,ftp://ftp.whoi.edu/MBON/GLOBAL/BETA/SDG14/seascape/MODIS_3VAR_MO9k//GLOBE14_I90VAR3_9k_2004122.mat,/Volumes/Best HD/mbon_data_big/satellite/seascapes/gl_curr/GLOBE14_I90VAR3_9k_2004122.mat
GLOBE14_I90VAR3_9k_2004153.mat,ftp://ftp.whoi.edu/MBON/GLOBAL/BETA/SDG14/seascape/MODIS_3VAR_MO9k//GLOBE14_I90VAR3_9k_2004153.mat,/Volumes/Best HD/mbon_data_big/satellite/seascapes/gl_curr/GLOBE14_I90VAR3_9k_2004153.mat
GLOBE14_I90VAR3_9k_2004183.mat,ftp://ftp.whoi.edu/MBON/GLOBAL/BETA/SDG14/seascape/MODIS_3VAR_MO9k//GLOBE14_I90VAR3_9k_2004183.mat,/Volumes/Best HD/mbon_data_big/satellite/seascapes/gl_curr/GLOBE14_I90VAR3_9k_2004183.mat
GLOBE14_I90VAR3_9k_2004214.mat,ftp://ftp.whoi.edu/MBON/GLOBAL/BETA/SDG14/seascape/MODIS_3VAR_MO9k//GLOBE14_I90VAR3_9k_2004214.mat,/Volumes/Best HD/mbon_data_big/satellite/seascapes/gl_curr/GLOBE14_I90VAR3_9k_2004214.mat
GLOBE14_I90VAR3_9k_2004245.mat,ftp://ftp.whoi.edu/MBON/GLOBAL/BETA/SDG14/seascape/MODIS_3VAR_MO9k//GLOBE14_I90VAR3_9k_2004245.mat,/Volumes/Best HD/mbon_data_big/satellite/seascapes/gl_curr/GLOBE14_I90VAR3_9k_2004245.mat
GLOBE14_I90VAR3_9k_2004275.mat,ftp://ftp.whoi.edu/MBON/GLOBAL/BETA/SDG14/seascape/MODIS_3VAR_MO9k//GLOBE14_I90VAR3_9k_2004275.mat,/Volumes/Best HD/mbon_data_big/satellite/seascapes/gl_curr/GLOBE14_I90VAR3_9k_2004275.mat
GLOBE14_I90VAR3_9k_2004306.mat,ftp://ftp.whoi.edu/MBON/GLOBAL/BETA/SDG14/seascape/MODIS_3VAR_MO9k//GLOBE14_I90VAR3_9k_2004306.mat,/Volumes/Best HD/mbon_data_big/satellite/seascapes/gl_curr/GLOBE14_I90VAR3_9k_2004306.mat
GLOBE14_I90VAR3_9k_2004336.mat,ftp://ftp.whoi.edu/MBON/GLOBAL/BETA/SDG14/seascape/MODIS_3VAR_MO9k//GLOBE14_I90VAR3_9k_2004336.mat,/Volumes/Best HD/mbon_data_big/satellite/seascapes/gl_curr/GLOBE14_I90VAR3_9k_2004336.mat
GLOBE14_I90VAR3_9k_2005001.mat,ftp://ftp.whoi.edu/MBON/GLOBAL/BETA/SDG14/seascape/MODIS_3VAR_MO9k//GLOBE14_I90VAR3_9k_2005001.mat,/Volumes/Best HD/mbon_data_big/satellite/seascapes/gl_curr/GLOBE14_I90VAR3_9k_2005001.mat
GLOBE14_I90VAR3_9k_2005032.mat,ftp://ftp.whoi.edu/MBON/GLOBAL/BETA/SDG14/seascape/MODIS_3VAR_MO9k//GLOBE14_I90VAR3_9k_2005032.mat,/Volumes/Best HD/mbon_data_big/satellite/seascapes/gl_curr/GLOBE14_I90VAR3_9k_2005032.mat
GLOBE14_I90VAR3_9k_2005060.mat,ftp://ftp.whoi.edu/MBON/GLOBAL/BETA/SDG14/seascape/MODIS_3VAR_MO9k//GLOBE14_I90VAR3_9k_2005060.mat,/Volumes/Best HD/mbon_data_big/satellite/seascapes/gl_curr/GLOBE14_I90VAR3_9k_2005060.mat
GLOBE14_I90VAR3_9k_2005091.mat,ftp://ftp.whoi.edu/MBON/GLOBAL/BETA/SDG14/seascape/MODIS_3VAR_MO9k//GLOBE14_I90VAR3_9k_2005091.mat,/Volumes/Best HD/mbon_data_big/satellite/seascapes/gl_curr/GLOBE14_I90VAR3_9k_2005091.mat
GLOBE14_I90VAR3_9k_2005121.mat,ftp://ftp.whoi.edu/MBON/GLOBAL/BETA/SDG14/seascape/MODIS_3VAR_MO9k//GLOBE14_I90VAR3_9k_2005121.mat,/Volumes/Best HD/mbon_data_big/satellite/seascapes/gl_curr/GLOBE14_I90VAR3_9k_2005121.mat
GLOBE14_I90VAR3_9k_2005152.mat,ftp://ftp.whoi.edu/MBON/GLOBAL/BETA/SDG14/seascape/MODIS_3VAR_MO9k//GLOBE14_I90VAR3_9k_2005152.mat,/Volumes/Best HD/mbon_data_big/satellite/seascapes/gl_curr/GLOBE14_I90VAR3_9k_2005152.mat
GLOBE14_I90VAR3_9k_2005182.mat,ftp://ftp.whoi.edu/MBON/GLOBAL/BETA/SDG14/seascape/MODIS_3VAR_MO9k//GLOBE14_I90VAR3_9k_2005182.mat,/Volumes/Best HD/mbon_data_big/satellite/seascapes/gl_curr/GLOBE14_I90VAR3_9k_2005182.mat
GLOBE14_I90VAR3_9k_2005213.mat,ftp://ftp.whoi.edu/MBON/GLOBAL/BETA/SDG14/seascape/MODIS_3VAR_MO9k//GLOBE14_I90VAR3_9k_2005213.mat,/Volumes/Best HD/mbon_data_big/satellite/seascapes/gl_curr/GLOBE14_I90VAR3_9k_2005213.mat
GLOBE14_I90VAR3_9k_2005244.mat,ftp://ftp.whoi.edu/MBON/GLOBAL/BETA/SDG14/seascape/MODIS_3VAR_MO9k//GLOBE14_I90VAR3_9k_2005244.mat,/Volumes/Best HD/mbon_data_big/satellite/seascapes/gl_curr/GLOBE14_I90VAR3_9k_2005244.mat
GLOBE14_I90VAR3_9k_2005274.mat,ftp://ftp.whoi.edu/MBON/GLOBAL/BETA/SDG14/seascape/MODIS_3VAR_MO9k//GLOBE14_I90VAR3_9k_2005274.mat,/Volumes/Best HD/mbon_data_big/satellite/seascapes/gl_curr/GLOBE14_I90VAR3_9k_2005274.mat
GLOBE14_I90VAR3_9k_2005305.mat,ftp://ftp.whoi.edu/MBON/GLOBAL/BETA/SDG14/seascape/MODIS_3VAR_MO9k//GLOBE14_I90VAR3_9k_2005305.mat,/Volumes/Best HD/mbon_data_big/satellite/seascapes/gl_curr/GLOBE14_I90VAR3_9k_2005305.mat
GLOBE14_I90VAR3_9k_2005335.mat,ftp://ftp.whoi.edu/MBON/GLOBAL/BETA/SDG14/seascape/MODIS_3VAR_MO9k//GLOBE14_I90VAR3_9k_2005335.mat,/Volumes/Best HD/mbon_data_big/satellite/seascapes/gl_curr/GLOBE14_I90VAR3_9k_2005335.mat
GLOBE14_I90VAR3_9k_2006001.mat,ftp://ftp.whoi.edu/MBON/GLOBAL/BETA/SDG14/seascape/MODIS_3VAR_MO9k//GLOBE14_I90VAR3_9k_2006001.mat,/Volumes/Best HD/mbon_data_big/satellite/seascapes/gl_curr/GLOBE14_I90VAR3_9k_2006001.mat
GLOBE14_I90VAR3_9k_2006032.mat,ftp://ftp.whoi.edu/MBON/GLOBAL/BETA/SDG14/seascape/MODIS_3VAR_MO9k//GLOBE14_I90VAR3_9k_2006032.mat,/Volumes/Best HD/mbon_data_big/satellite/seascapes/gl_curr/GLOBE14_I90VAR3_9k_2006032.mat
GLOBE14_I90VAR3_9k_2006060.mat,ftp://ftp.whoi.edu/MBON/GLOBAL/BETA/SDG14/seascape/MODIS_3VAR_MO9k//GLOBE14_I90VAR3_9k_2006060.mat,/Volumes/Best HD/mbon_data_big/satellite/seascapes/gl_curr/GLOBE14_I90VAR3_9k_2006060.mat
GLOBE14_I90VAR3_9k_2006091.mat,ftp://ftp.whoi.edu/MBON/GLOBAL/BETA/SDG14/seascape/MODIS_3VAR_MO9k//GLOBE14_I90VAR3_9k_2006091.mat,/Volumes/Best HD/mbon_data_big/satellite/seascapes/gl_curr/GLOBE14_I90VAR3_9k_2006091.mat
GLOBE14_I90VAR3_9k_2006121.mat,ftp://ftp.whoi.edu/MBON/GLOBAL/BETA/SDG14/seascape/MODIS_3VAR_MO9k//GLOBE14_I90VAR3_9k_2006121.mat,/Volumes/Best HD/mbon_data_big/satellite/seascapes/gl_curr/GLOBE14_I90VAR3_9k_2006121.mat
GLOBE14_I90VAR3_9k_2006152.mat,ftp://ftp.whoi.edu/MBON/GLOBAL/BETA/SDG14/seascape/MODIS_3VAR_MO9k//GLOBE14_I90VAR3_9k_2006152.mat,/Volumes/Best HD/mbon_data_big/satellite/seascapes/gl_curr/GLOBE14_I90VAR3_9k_2006152.mat
GLOBE14_I90VAR3_9k_2006182.mat,ftp://ftp.whoi.edu/MBON/GLOBAL/BETA/SDG14/seascape/MODIS_3VAR_MO9k//GLOBE14_I90VAR3_9k_2006182.mat,/Volumes/Best HD/mbon_data_big/satellite/seascapes/gl_curr/GLOBE14_I90VAR3_9k_2006182.mat
GLOBE14_I90VAR3_9k_2006213.mat,ftp://ftp.whoi.edu/MBON/GLOBAL/BETA/SDG14/seascape/MODIS_3VAR_MO9k//GLOBE14_I90VAR3_9k_2006213.mat,/Volumes/Best HD/mbon_data_big/satellite/seascapes/gl_curr/GLOBE14_I90VAR3_9k_2006213.mat
GLOBE14_I90VAR3_9k_2006244.mat,ftp://ftp.whoi.edu/MBON/GLOBAL/BETA/SDG14/seascape/MODIS_3VAR_MO9k//GLOBE14_I90VAR3_9k_2006244.mat,/Volumes/Best HD/mbon_data_big/satellite/seascapes/gl_curr/GLOBE14_I90VAR3_9k_2006244.mat
GLOBE14_I90VAR3_9k_2006274.mat,ftp://ftp.whoi.edu/MBON/GLOBAL/BETA/SDG14/seascape/MODIS_3VAR_MO9k//GLOBE14_I90VAR3_9k_2006274.mat,/Volumes/Best HD/mbon_data_big/satellite/seascapes/gl_curr/GLOBE14_I90VAR3_9k_2006274.mat
GLOBE14_I90VAR3_9k_2006305.mat,ftp://ftp.whoi.edu/MBON/GLOBAL/BETA/SDG14/seascape/MODIS_3VAR_MO9k//GLOBE14_I90VAR3_9k_2006305.mat,/Volumes/Best HD/mbon_data_big/satellite/seascapes/gl_curr/GLOBE14_I90VAR3_9k_2006305.mat
GLOBE14_I90VAR3_9k_2006335.mat,ftp://ftp.whoi.edu/MBON/GLOBAL/BETA/SDG14/seascape/MODIS_3VAR_MO9k//GLOBE14_I90VAR3_9k_2006335.mat,/Volumes/Best HD/mbon_data_big/satellite/seascapes/gl_curr/GLOBE14_I90VAR3_9k_2006335.mat
GLOBE14_I90VAR3_9k_2007001.mat,ftp://ftp.whoi.edu/MBON/GLOBAL/BETA/SDG14/seascape/MODIS_3VAR_MO9k//GLOBE14_I90VAR3_9k_2007001.mat,/Volumes/Best HD/mbon_data_big/satellite/seascapes/gl_curr/GLOBE14_I90VAR3_9k_2007001.mat
GLOBE14_I90VAR3_9k_2007032.mat,ftp://ftp.whoi.edu/MBON/GLOBAL/BETA/SDG14/seascape/MODIS_3VAR_MO9k//GLOBE14_I90VAR3_9k_2007032.mat,/Volumes/Best HD/mbon_data_big/satellite/seascapes/gl_curr/GLOBE14_I90VAR3_9k_2007032.mat
GLOBE14_I90VAR3_9k_2007060.mat,ftp://ftp.whoi.edu/MBON/GLOBAL/BETA/SDG14/seascape/MODIS_3VAR_MO9k//GLOBE14_I90VAR3_9k_2007060.mat,/Volumes/Best HD/mbon_data_big/satellite/seascapes/gl_curr/GLOBE14_I90VAR3_9k_2007060.mat
GLOBE14_I90VAR3_9k_2007091.mat,ftp://ftp.whoi.edu/MBON/GLOBAL/BETA/SDG14/seascape/MODIS_3VAR_MO9k//GLOBE14_I90VAR3_9k_2007091.mat,/Volumes/Best HD/mbon_data_big/satellite/seascapes/gl_curr/GLOBE14_I90VAR3_9k_2007091.mat
GLOBE14_I90VAR3_9k_2007121.mat,ftp://ftp.whoi.edu/MBON/GLOBAL/BETA/SDG14/seascape/MODIS_3VAR_MO9k//GLOBE14_I90VAR3_9k_2007121.mat,/Volumes/Best HD/mbon_data_big/satellite/seascapes/gl_curr/GLOBE14_I90VAR3_9k_2007121.mat
GLOBE14_I90VAR3_9k_2007152.mat,ftp://ftp.whoi.edu/MBON/GLOBAL/BETA/SDG14/seascape/MODIS_3VAR_MO9k//GLOBE14_I90VAR3_9k_2007152.mat,/Volumes/Best HD/mbon_data_big/satellite/seascapes/gl_curr/GLOBE14_I90VAR3_9k_2007152.mat
GLOBE14_I90VAR3_9k_2007182.mat,ftp://ftp.whoi.edu/MBON/GLOBAL/BETA/SDG14/seascape/MODIS_3VAR_MO9k//GLOBE14_I90VAR3_9k_2007182.mat,/Volumes/Best HD/mbon_data_big/satellite/seascapes/gl_curr/GLOBE14_I90VAR3_9k_2007182.mat
GLOBE14_I90VAR3_9k_2007213.mat,ftp://ftp.whoi.edu/MBON/GLOBAL/BETA/SDG14/seascape/MODIS_3VAR_MO9k//GLOBE14_I90VAR3_9k_2007213.mat,/Volumes/Best HD/mbon_data_big/satellite/seascapes/gl_curr/GLOBE14_I90VAR3_9k_2007213.mat
GLOBE14_I90VAR3_9k_2007244.mat,ftp://ftp.whoi.edu/MBON/GLOBAL/BETA/SDG14/seascape/MODIS_3VAR_MO9k//GLOBE14_I90VAR3_9k_2007244.mat,/Volumes/Best HD/mbon_data_big/satellite/seascapes/gl_curr/GLOBE14_I90VAR3_9k_2007244.mat
GLOBE14_I90VAR3_9k_2007274.mat,ftp://ftp.whoi.edu/MBON/GLOBAL/BETA/SDG14/seascape/MODIS_3VAR_MO9k//GLOBE14_I90VAR3_9k_2007274.mat,/Volumes/Best HD/mbon_data_big/satellite/seascapes/gl_curr/GLOBE14_I90VAR3_9k_2007274.mat
GLOBE14_I90VAR3_9k_2007305.mat,ftp://ftp.whoi.edu/MBON/GLOBAL/BETA/SDG14/seascape/MODIS_3VAR_MO9k//GLOBE14_I90VAR3_9k_2007305.mat,/Volumes/Best HD/mbon_data_big/satellite/seascapes/gl_curr/GLOBE14_I90VAR3_9k_2007305.mat
GLOBE14_I90VAR3_9k_2007335.mat,ftp://ftp.whoi.edu/MBON/GLOBAL/BETA/SDG14/seascape/MODIS_3VAR_MO9k//GLOBE14_I90VAR3_9k_2007335.mat,/Volumes/Best HD/mbon_data_big/satellite/seascapes/gl_curr/GLOBE14_I90VAR3_9k_2007335.mat
GLOBE14_I90VAR3_9k_2008001.mat,ftp://ftp.whoi.edu/MBON/GLOBAL/BETA/SDG14/seascape/MODIS_3VAR_MO9k//GLOBE14_I90VAR3_9k_2008001.mat,/Volumes/Best HD/mbon_data_big/satellite/seascapes/gl_curr/GLOBE14_I90VAR3_9k_2008001.mat
GLOBE14_I90VAR3_9k_2008032.mat,ftp://ftp.whoi.edu/MBON/GLOBAL/BETA/SDG14/seascape/MODIS_3VAR_MO9k//GLOBE14_I90VAR3_9k_2008032.mat,/Volumes/Best HD/mbon_data_big/satellite/seascapes/gl_curr/GLOBE14_I90VAR3_9k_2008032.mat
GLOBE14_I90VAR3_9k_2008061.mat,ftp://ftp.whoi.edu/MBON/GLOBAL/BETA/SDG14/seascape/MODIS_3VAR_MO9k//GLOBE14_I90VAR3_9k_2008061.mat,/Volumes/Best HD/mbon_data_big/satellite/seascapes/gl_curr/GLOBE14_I90VAR3_9k_2008061.mat
GLOBE14_I90VAR3_9k_2008092.mat,ftp://ftp.whoi.edu/MBON/GLOBAL/BETA/SDG14/seascape/MODIS_3VAR_MO9k//GLOBE14_I90VAR3_9k_2008092.mat,/Volumes/Best HD/mbon_data_big/satellite/seascapes/gl_curr/GLOBE14_I90VAR3_9k_2008092.mat
GLOBE14_I90VAR3_9k_2008122.mat,ftp://ftp.whoi.edu/MBON/GLOBAL/BETA/SDG14/seascape/MODIS_3VAR_MO9k//GLOBE14_I90VAR3_9k_2008122.mat,/Volumes/Best HD/mbon_data_big/satellite/seascapes/gl_curr/GLOBE14_I90VAR3_9k_2008122.mat
GLOBE14_I90VAR3_9k_2008153.mat,ftp://ftp.whoi.edu/MBON/GLOBAL/BETA/SDG14/seascape/MODIS_3VAR_MO9k//GLOBE14_I90VAR3_9k_2008153.mat,/Volumes/Best HD/mbon_data_big/satellite/seascapes/gl_curr/GLOBE14_I90VAR3_9k_2008153.mat
GLOBE14_I90VAR3_9k_2008183.mat,ftp://ftp.whoi.edu/MBON/GLOBAL/BETA/SDG14/seascape/MODIS_3VAR_MO9k//GLOBE14_I90VAR3_9k_2008183.mat,/Volumes/Best HD/mbon_data_big/satellite/seascapes/gl_curr/GLOBE14_I90VAR3_9k_2008183.mat
GLOBE14_I90VAR3_9k_2008214.mat,ftp://ftp.whoi.edu/MBON/GLOBAL/BETA/SDG14/seascape/MODIS_3VAR_MO9k//GLOBE14_I90VAR3_9k_2008214.mat,/Volumes/Best HD/mbon_data_big/satellite/seascapes/gl_curr/GLOBE14_I90VAR3_9k_2008214.mat
GLOBE14_I90VAR3_9k_2008245.mat,ftp://ftp.whoi.edu/MBON/GLOBAL/BETA/SDG14/seascape/MODIS_3VAR_MO9k//GLOBE14_I90VAR3_9k_2008245.mat,/Volumes/Best HD/mbon_data_big/satellite/seascapes/gl_curr/GLOBE14_I90VAR3_9k_2008245.mat
GLOBE14_I90VAR3_9k_2008275.mat,ftp://ftp.whoi.edu/MBON/GLOBAL/BETA/SDG14/seascape/MODIS_3VAR_MO9k//GLOBE14_I90VAR3_9k_2008275.mat,/Volumes/Best HD/mbon_data_big/satellite/seascapes/gl_curr/GLOBE14_I90VAR3_9k_2008275.mat
GLOBE14_I90VAR3_9k_2008306.mat,ftp://ftp.whoi.edu/MBON/GLOBAL/BETA/SDG14/seascape/MODIS_3VAR_MO9k//GLOBE14_I90VAR3_9k_2008306.mat,/Volumes/Best HD/mbon_data_big/satellite/seascapes/gl_curr/GLOBE14_I90VAR3_9k_2008306.mat
GLOBE14_I90VAR3_9k_2008336.mat,ftp://ftp.whoi.edu/MBON/GLOBAL/BETA/SDG14/seascape/MODIS_3VAR_MO9k//GLOBE14_I90VAR3_9k_2008336.mat,/Volumes/Best HD/mbon_data_big/satellite/seascapes/gl_curr/GLOBE14_I90VAR3_9k_2008336.mat
GLOBE14_I90VAR3_9k_2009001.mat,ftp://ftp.whoi.edu/MBON/GLOBAL/BETA/SDG14/seascape/MODIS_3VAR_MO9k//GLOBE14_I90VAR3_9k_2009001.mat,/Volumes/Best HD/mbon_data_big/satellite/seascapes/gl_curr/GLOBE14_I90VAR3_9k_2009001.mat
GLOBE14_I90VAR3_9k_2009032.mat,ftp://ftp.whoi.edu/MBON/GLOBAL/BETA/SDG14/seascape/MODIS_3VAR_MO9k//GLOBE14_I90VAR3_9k_2009032.mat,/Volumes/Best HD/mbon_data_big/satellite/seascapes/gl_curr/GLOBE14_I90VAR3_9k_2009032.mat
GLOBE14_I90VAR3_9k_2009060.mat,ftp://ftp.whoi.edu/MBON/GLOBAL/BETA/SDG14/seascape/MODIS_3VAR_MO9k//GLOBE14_I90VAR3_9k_2009060.mat,/Volumes/Best HD/mbon_data_big/satellite/seascapes/gl_curr/GLOBE14_I90VAR3_9k_2009060.mat
GLOBE14_I90VAR3_9k_2009091.mat,ftp://ftp.whoi.edu/MBON/GLOBAL/BETA/SDG14/seascape/MODIS_3VAR_MO9k//GLOBE14_I90VAR3_9k_2009091.mat,/Volumes/Best HD/mbon_data_big/satellite/seascapes/gl_curr/GLOBE14_I90VAR3_9k_2009091.mat
GLOBE14_I90VAR3_9k_2009121.mat,ftp://ftp.whoi.edu/MBON/GLOBAL/BETA/SDG14/seascape/MODIS_3VAR_MO9k//GLOBE14_I90VAR3_9k_2009121.mat,/Volumes/Best HD/mbon_data_big/satellite/seascapes/gl_curr/GLOBE14_I90VAR3_9k_2009121.mat
GLOBE14_I90VAR3_9k_2009152.mat,ftp://ftp.whoi.edu/MBON/GLOBAL/BETA/SDG14/seascape/MODIS_3VAR_MO9k//GLOBE14_I90VAR3_9k_2009152.mat,/Volumes/Best HD/mbon_data_big/satellite/seascapes/gl_curr/GLOBE14_I90VAR3_9k_2009152.mat
GLOBE14_I90VAR3_9k_2009182.mat,ftp://ftp.whoi.edu/MBON/GLOBAL/BETA/SDG14/seascape/MODIS_3VAR_MO9k//GLOBE14_I90VAR3_9k_2009182.mat,/Volumes/Best HD/mbon_data_big/satellite/seascapes/gl_curr/GLOBE14_I90VAR3_9k_2009182.mat
GLOBE14_I90VAR3_9k_2009213.mat,ftp://ftp.whoi.edu/MBON/GLOBAL/BETA/SDG14/seascape/MODIS_3VAR_MO9k//GLOBE14_I90VAR3_9k_2009213.mat,/Volumes/Best HD/mbon_data_big/satellite/seascapes/gl_curr/GLOBE14_I90VAR3_9k_2009213.mat
GLOBE14_I90VAR3_9k_2009244.mat,ftp://ftp.whoi.edu/MBON/GLOBAL/BETA/SDG14/seascape/MODIS_3VAR_MO9k//GLOBE14_I90VAR3_9k_2009244.mat,/Volumes/Best HD/mbon_data_big/satellite/seascapes/gl_curr/GLOBE14_I90VAR3_9k_2009244.mat
GLOBE14_I90VAR3_9k_2009274.mat,ftp://ftp.whoi.edu/MBON/GLOBAL/BETA/SDG14/seascape/MODIS_3VAR_MO9k//GLOBE14_I90VAR3_9k_2009274.mat,/Volumes/Best HD/mbon_data_big/satellite/seascapes/gl_curr/GLOBE14_I90VAR3_9k_2009274.mat
GLOBE14_I90VAR3_9k_2009305.mat,ftp://ftp.whoi.edu/MBON/GLOBAL/BETA/SDG14/seascape/MODIS_3VAR_MO9k//GLOBE14_I90VAR3_9k_2009305.mat,/Volumes/Best HD/mbon_data_big/satellite/seascapes/gl_curr/GLOBE14_I90VAR3_9k_2009305.mat
GLOBE14_I90VAR3_9k_2009335.mat,ftp://ftp.whoi.edu/MBON/GLOBAL/BETA/SDG14/seascape/MODIS_3VAR_MO9k//GLOBE14_I90VAR3_9k_2009335.mat,/Volumes/Best HD/mbon_data_big/satellite/seascapes/gl_curr/GLOBE14_I90VAR3_9k_2009335.mat
GLOBE14_I90VAR3_9k_2010001.mat,ftp://ftp.whoi.edu/MBON/GLOBAL/BETA/SDG14/seascape/MODIS_3VAR_MO9k//GLOBE14_I90VAR3_9k_2010001.mat,/Volumes/Best HD/mbon_data_big/satellite/seascapes/gl_curr/GLOBE14_I90VAR3_9k_2010001.mat
GLOBE14_I90VAR3_9k_2010032.mat,ftp://ftp.whoi.edu/MBON/GLOBAL/BETA/SDG14/seascape/MODIS_3VAR_MO9k//GLOBE14_I90VAR3_9k_2010032.mat,/Volumes/Best HD/mbon_data_big/satellite/seascapes/gl_curr/GLOBE14_I90VAR3_9k_2010032.mat
GLOBE14_I90VAR3_9k_2010060.mat,ftp://ftp.whoi.edu/MBON/GLOBAL/BETA/SDG14/seascape/MODIS_3VAR_MO9k//GLOBE14_I90VAR3_9k_2010060.mat,/Volumes/Best HD/mbon_data_big/satellite/seascapes/gl_curr/GLOBE14_I90VAR3_9k_2010060.mat
GLOBE14_I90VAR3_9k_2010091.mat,ftp://ftp.whoi.edu/MBON/GLOBAL/BETA/SDG14/seascape/MODIS_3VAR_MO9k//GLOBE14_I90VAR3_9k_2010091.mat,/Volumes/Best HD/mbon_data_big/satellite/seascapes/gl_curr/GLOBE14_I90VAR3_9k_2010091.mat
GLOBE14_I90VAR3_9k_2010121.mat,ftp://ftp.whoi.edu/MBON/GLOBAL/BETA/SDG14/seascape/MODIS_3VAR_MO9k//GLOBE14_I90VAR3_9k_2010121.mat,/Volumes/Best HD/mbon_data_big/satellite/seascapes/gl_curr/GLOBE14_I90VAR3_9k_2010121.mat
GLOBE14_I90VAR3_9k_2010152.mat,ftp://ftp.whoi.edu/MBON/GLOBAL/BETA/SDG14/seascape/MODIS_3VAR_MO9k//GLOBE14_I90VAR3_9k_2010152.mat,/Volumes/Best HD/mbon_data_big/satellite/seascapes/gl_curr/GLOBE14_I90VAR3_9k_2010152.mat
GLOBE14_I90VAR3_9k_2010182.mat,ftp://ftp.whoi.edu/MBON/GLOBAL/BETA/SDG14/seascape/MODIS_3VAR_MO9k//GLOBE14_I90VAR3_9k_2010182.mat,/Volumes/Best HD/mbon_data_big/satellite/seascapes/gl_curr/GLOBE14_I90VAR3_9k_2010182.mat
GLOBE14_I90VAR3_9k_2010213.mat,ftp://ftp.whoi.edu/MBON/GLOBAL/BETA/SDG14/seascape/MODIS_3VAR_MO9k//GLOBE14_I90VAR3_9k_2010213.mat,/Volumes/Best HD/mbon_data_big/satellite/seascapes/gl_curr/GLOBE14_I90VAR3_9k_2010213.mat
GLOBE14_I90VAR3_9k_2010244.mat,ftp://ftp.whoi.edu/MBON/GLOBAL/BETA/SDG14/seascape/MODIS_3VAR_MO9k//GLOBE14_I90VAR3_9k_2010244.mat,/Volumes/Best HD/mbon_data_big/satellite/seascapes/gl_curr/GLOBE14_I90VAR3_9k_2010244.mat
GLOBE14_I90VAR3_9k_2010274.mat,ftp://ftp.whoi.edu/MBON/GLOBAL/BETA/SDG14/seascape/MODIS_3VAR_MO9k//GLOBE14_I90VAR3_9k_2010274.mat,/Volumes/Best HD/mbon_data_big/satellite/seascapes/gl_curr/GLOBE14_I90VAR3_9k_2010274.mat
GLOBE14_I90VAR3_9k_2010305.mat,ftp://ftp.whoi.edu/MBON/GLOBAL/BETA/SDG14/seascape/MODIS_3VAR_MO9k//GLOBE14_I90VAR3_9k_2010305.mat,/Volumes/Best HD/mbon_data_big/satellite/seascapes/gl_curr/GLOBE14_I90VAR3_9k_2010305.mat
GLOBE14_I90VAR3_9k_2010335.mat,ftp://ftp.whoi.edu/MBON/GLOBAL/BETA/SDG14/seascape/MODIS_3VAR_MO9k//GLOBE14_I90VAR3_9k_2010335.mat,/Volumes/Best HD/mbon_data_big/satellite/seascapes/gl_curr/GLOBE14_I90VAR3_9k_2010335.mat
GLOBE14_I90VAR3_9k_2011001.mat,ftp://ftp.whoi.edu/MBON/GLOBAL/BETA/SDG14/seascape/MODIS_3VAR_MO9k//GLOBE14_I90VAR3_9k_2011001.mat,/Volumes/Best HD/mbon_data_big/satellite/seascapes/gl_curr/GLOBE14_I90VAR3_9k_2011001.mat
GLOBE14_I90VAR3_9k_2011032.mat,ftp://ftp.whoi.edu/MBON/GLOBAL/BETA/SDG14/seascape/MODIS_3VAR_MO9k//GLOBE14_I90VAR3_9k_2011032.mat,/Volumes/Best HD/mbon_data_big/satellite/seascapes/gl_curr/GLOBE14_I90VAR3_9k_2011032.mat
GLOBE14_I90VAR3_9k_2011060.mat,ftp://ftp.whoi.edu/MBON/GLOBAL/BETA/SDG14/seascape/MODIS_3VAR_MO9k//GLOBE14_I90VAR3_9k_2011060.mat,/Volumes/Best HD/mbon_data_big/satellite/seascapes/gl_curr/GLOBE14_I90VAR3_9k_2011060.mat
GLOBE14_I90VAR3_9k_2011091.mat,ftp://ftp.whoi.edu/MBON/GLOBAL/BETA/SDG14/seascape/MODIS_3VAR_MO9k//GLOBE14_I90VAR3_9k_2011091.mat,/Volumes/Best HD/mbon_data_big/satellite/seascapes/gl_curr/GLOBE14_I90VAR3_9k_2011091.mat
GLOBE14_I90VAR3_9k_2011121.mat,ftp://ftp.whoi.edu/MBON/GLOBAL/BETA/SDG14/seascape/MODIS_3VAR_MO9k//GLOBE14_I90VAR3_9k_2011121.mat,/Volumes/Best HD/mbon_data_big/satellite/seascapes/gl_curr/GLOBE14_I90VAR3_9k_2011121.mat
GLOBE14_I90VAR3_9k_2011152.mat,ftp://ftp.whoi.edu/MBON/GLOBAL/BETA/SDG14/seascape/MODIS_3VAR_MO9k//GLOBE14_I90VAR3_9k_2011152.mat,/Volumes/Best HD/mbon_data_big/satellite/seascapes/gl_curr/GLOBE14_I90VAR3_9k_2011152.mat
GLOBE14_I90VAR3_9k_2011182.mat,ftp://ftp.whoi.edu/MBON/GLOBAL/BETA/SDG14/seascape/MODIS_3VAR_MO9k//GLOBE14_I90VAR3_9k_2011182.mat,/Volumes/Best HD/mbon_data_big/satellite/seascapes/gl_curr/GLOBE14_I90VAR3_9k_2011182.mat
GLOBE14_I90VAR3_9k_2011213.mat,ftp://ftp.whoi.edu/MBON/GLOBAL/BETA/SDG14/seascape/MODIS_3VAR_MO9k//GLOBE14_I90VAR3_9k_2011213.mat,/Volumes/Best HD/mbon_data_big/satellite/seascapes/gl_curr/GLOBE14_I90VAR3_9k_2011213.mat
GLOBE14_I90VAR3_9k_2011244.mat,ftp://ftp.whoi.edu/MBON/GLOBAL/BETA/SDG14/seascape/MODIS_3VAR_MO9k//GLOBE14_I90VAR3_9k_2011244.mat,/Volumes/Best HD/mbon_data_big/satellite/seascapes/gl_curr/GLOBE14_I90VAR3_9k_2011244.mat
GLOBE14_I90VAR3_9k_2011274.mat,ftp://ftp.whoi.edu/MBON/GLOBAL/BETA/SDG14/seascape/MODIS_3VAR_MO9k//GLOBE14_I90VAR3_9k_2011274.mat,/Volumes/Best HD/mbon_data_big/satellite/seascapes/gl_curr/GLOBE14_I90VAR3_9k_2011274.mat
GLOBE14_I90VAR3_9k_2011305.mat,ftp://ftp.whoi.edu/MBON/GLOBAL/BETA/SDG14/seascape/MODIS_3VAR_MO9k//GLOBE14_I90VAR3_9k_2011305.mat,/Volumes/Best HD/mbon_data_big/satellite/seascapes/gl_curr/GLOBE14_I90VAR3_9k_2011305.mat
GLOBE14_I90VAR3_9k_2011335.mat,ftp://ftp.whoi.edu/MBON/GLOBAL/BETA/SDG14/seascape/MODIS_3VAR_MO9k//GLOBE14_I90VAR3_9k_2011335.mat,/Volumes/Best HD/mbon_data_big/satellite/seascapes/gl_curr/GLOBE14_I90VAR3_9k_2011335.mat
GLOBE14_I90VAR3_9k_2012001.mat,ftp://ftp.whoi.edu/MBON/GLOBAL/BETA/SDG14/seascape/MODIS_3VAR_MO9k//GLOBE14_I90VAR3_9k_2012001.mat,/Volumes/Best HD/mbon_data_big/satellite/seascapes/gl_curr/GLOBE14_I90VAR3_9k_2012001.mat
GLOBE14_I90VAR3_9k_2012032.mat,ftp://ftp.whoi.edu/MBON/GLOBAL/BETA/SDG14/seascape/MODIS_3VAR_MO9k//GLOBE14_I90VAR3_9k_2012032.mat,/Volumes/Best HD/mbon_data_big/satellite/seascapes/gl_curr/GLOBE14_I90VAR3_9k_2012032.mat
GLOBE14_I90VAR3_9k_2012061.mat,ftp://ftp.whoi.edu/MBON/GLOBAL/BETA/SDG14/seascape/MODIS_3VAR_MO9k//GLOBE14_I90VAR3_9k_2012061.mat,/Volumes/Best HD/mbon_data_big/satellite/seascapes/gl_curr/GLOBE14_I90VAR3_9k_2012061.mat
GLOBE14_I90VAR3_9k_2012092.mat,ftp://ftp.whoi.edu/MBON/GLOBAL/BETA/SDG14/seascape/MODIS_3VAR_MO9k//GLOBE14_I90VAR3_9k_2012092.mat,/Volumes/Best HD/mbon_data_big/satellite/seascapes/gl_curr/GLOBE14_I90VAR3_9k_2012092.mat
GLOBE14_I90VAR3_9k_2012122.mat,ftp://ftp.whoi.edu/MBON/GLOBAL/BETA/SDG14/seascape/MODIS_3VAR_MO9k//GLOBE14_I90VAR3_9k_2012122.mat,/Volumes/Best HD/mbon_data_big/satellite/seascapes/gl_curr/GLOBE14_I90VAR3_9k_2012122.mat
GLOBE14_I90VAR3_9k_2012153.mat,ftp://ftp.whoi.edu/MBON/GLOBAL/BETA/SDG14/seascape/MODIS_3VAR_MO9k//GLOBE14_I90VAR3_9k_2012153.mat,/Volumes/Best HD/mbon_data_big/satellite/seascapes/gl_curr/GLOBE14_I90VAR3_9k_2012153.mat
GLOBE14_I90VAR3_9k_2012183.mat,ftp://ftp.whoi.edu/MBON/GLOBAL/BETA/SDG14/seascape/MODIS_3VAR_MO9k//GLOBE14_I90VAR3_9k_2012183.mat,/Volumes/Best HD/mbon_data_big/satellite/seascapes/gl_curr/GLOBE14_I90VAR3_9k_2012183.mat
GLOBE14_I90VAR3_9k_2012214.mat,ftp://ftp.whoi.edu/MBON/GLOBAL/BETA/SDG14/seascape/MODIS_3VAR_MO9k//GLOBE14_I90VAR3_9k_2012214.mat,/Volumes/Best HD/mbon_data_big/satellite/seascapes/gl_curr/GLOBE14_I90VAR3_9k_2012214.mat
GLOBE14_I90VAR3_9k_2012245.mat,ftp://ftp.whoi.edu/MBON/GLOBAL/BETA/SDG14/seascape/MODIS_3VAR_MO9k//GLOBE14_I90VAR3_9k_2012245.mat,/Volumes/Best HD/mbon_data_big/satellite/seascapes/gl_curr/GLOBE14_I90VAR3_9k_2012245.mat
GLOBE14_I90VAR3_9k_2012275.mat,ftp://ftp.whoi.edu/MBON/GLOBAL/BETA/SDG14/seascape/MODIS_3VAR_MO9k//GLOBE14_I90VAR3_9k_2012275.mat,/Volumes/Best HD/mbon_data_big/satellite/seascapes/gl_curr/GLOBE14_I90VAR3_9k_2012275.mat
GLOBE14_I90VAR3_9k_2012306.mat,ftp://ftp.whoi.edu/MBON/GLOBAL/BETA/SDG14/seascape/MODIS_3VAR_MO9k//GLOBE14_I90VAR3_9k_2012306.mat,/Volumes/Best HD/mbon_data_big/satellite/seascapes/gl_curr/GLOBE14_I90VAR3_9k_2012306.mat
GLOBE14_I90VAR3_9k_2012336.mat,ftp://ftp.whoi.edu/MBON/GLOBAL/BETA/SDG14/seascape/MODIS_3VAR_MO9k//GLOBE14_I90VAR3_9k_2012336.mat,/Volumes/Best HD/mbon_data_big/satellite/seascapes/gl_curr/GLOBE14_I90VAR3_9k_2012336.mat
GLOBE14_I90VAR3_9k_2013001.mat,ftp://ftp.whoi.edu/MBON/GLOBAL/BETA/SDG14/seascape/MODIS_3VAR_MO9k//GLOBE14_I90VAR3_9k_2013001.mat,/Volumes/Best HD/mbon_data_big/satellite/seascapes/gl_curr/GLOBE14_I90VAR3_9k_2013001.mat
GLOBE14_I90VAR3_9k_2013032.mat,ftp://ftp.whoi.edu/MBON/GLOBAL/BETA/SDG14/seascape/MODIS_3VAR_MO9k//GLOBE14_I90VAR3_9k_2013032.mat,/Volumes/Best HD/mbon_data_big/satellite/seascapes/gl_curr/GLOBE14_I90VAR3_9k_2013032.mat
GLOBE14_I90VAR3_9k_2013060.mat,ftp://ftp.whoi.edu/MBON/GLOBAL/BETA/SDG14/seascape/MODIS_3VAR_MO9k//GLOBE14_I90VAR3_9k_2013060.mat,/Volumes/Best HD/mbon_data_big/satellite/seascapes/gl_curr/GLOBE14_I90VAR3_9k_2013060.mat
GLOBE14_I90VAR3_9k_2013091.mat,ftp://ftp.whoi.edu/MBON/GLOBAL/BETA/SDG14/seascape/MODIS_3VAR_MO9k//GLOBE14_I90VAR3_9k_2013091.mat,/Volumes/Best HD/mbon_data_big/satellite/seascapes/gl_curr/GLOBE14_I90VAR3_9k_2013091.mat
GLOBE14_I90VAR3_9k_2013121.mat,ftp://ftp.whoi.edu/MBON/GLOBAL/BETA/SDG14/seascape/MODIS_3VAR_MO9k//GLOBE14_I90VAR3_9k_2013121.mat,/Volumes/Best HD/mbon_data_big/satellite/seascapes/gl_curr/GLOBE14_I90VAR3_9k_2013121.mat
GLOBE14_I90VAR3_9k_2013152.mat,ftp://ftp.whoi.edu/MBON/GLOBAL/BETA/SDG14/seascape/MODIS_3VAR_MO9k//GLOBE14_I90VAR3_9k_2013152.mat,/Volumes/Best HD/mbon_data_big/satellite/seascapes/gl_curr/GLOBE14_I90VAR3_9k_2013152.mat
GLOBE14_I90VAR3_9k_2013182.mat,ftp://ftp.whoi.edu/MBON/GLOBAL/BETA/SDG14/seascape/MODIS_3VAR_MO9k//GLOBE14_I90VAR3_9k_2013182.mat,/Volumes/Best HD/mbon_data_big/satellite/seascapes/gl_curr/GLOBE14_I90VAR3_9k_2013182.mat
GLOBE14_I90VAR3_9k_2013213.mat,ftp://ftp.whoi.edu/MBON/GLOBAL/BETA/SDG14/seascape/MODIS_3VAR_MO9k//GLOBE14_I90VAR3_9k_2013213.mat,/Volumes/Best HD/mbon_data_big/satellite/seascapes/gl_curr/GLOBE14_I90VAR3_9k_2013213.mat
GLOBE14_I90VAR3_9k_2013244.mat,ftp://ftp.whoi.edu/MBON/GLOBAL/BETA/SDG14/seascape/MODIS_3VAR_MO9k//GLOBE14_I90VAR3_9k_2013244.mat,/Volumes/Best HD/mbon_data_big/satellite/seascapes/gl_curr/GLOBE14_I90VAR3_9k_2013244.mat
GLOBE14_I90VAR3_9k_2013274.mat,ftp://ftp.whoi.edu/MBON/GLOBAL/BETA/SDG14/seascape/MODIS_3VAR_MO9k//GLOBE14_I90VAR3_9k_2013274.mat,/Volumes/Best HD/mbon_data_big/satellite/seascapes/gl_curr/GLOBE14_I90VAR3_9k_2013274.mat
GLOBE14_I90VAR3_9k_2013305.mat,ftp://ftp.whoi.edu/MBON/GLOBAL/BETA/SDG14/seascape/MODIS_3VAR_MO9k//GLOBE14_I90VAR3_9k_2013305.mat,/Volumes/Best HD/mbon_data_big/satellite/seascapes/gl_curr/GLOBE14_I90VAR3_9k_2013305.mat
GLOBE14_I90VAR3_9k_2013335.mat,ftp://ftp.whoi.edu/MBON/GLOBAL/BETA/SDG14/seascape/MODIS_3VAR_MO9k//GLOBE14_I90VAR3_9k_2013335.mat,/Volumes/Best HD/mbon_data_big/satellite/seascapes/gl_curr/GLOBE14_I90VAR3_9k_2013335.mat
GLOBE14_I90VAR3_9k_2014001.mat,ftp://ftp.whoi.edu/MBON/GLOBAL/BETA/SDG14/seascape/MODIS_3VAR_MO9k//GLOBE14_I90VAR3_9k_2014001.mat,/Volumes/Best HD/mbon_data_big/satellite/seascapes/gl_curr/GLOBE14_I90VAR3_9k_2014001.mat
GLOBE14_I90VAR3_9k_2014032.mat,ftp://ftp.whoi.edu/MBON/GLOBAL/BETA/SDG14/seascape/MODIS_3VAR_MO9k//GLOBE14_I90VAR3_9k_2014032.mat,/Volumes/Best HD/mbon_data_big/satellite/seascapes/gl_curr/GLOBE14_I90VAR3_9k_2014032.mat
GLOBE14_I90VAR3_9k_2014060.mat,ftp://ftp.whoi.edu/MBON/GLOBAL/BETA/SDG14/seascape/MODIS_3VAR_MO9k//GLOBE14_I90VAR3_9k_2014060.mat,/Volumes/Best HD/mbon_data_big/satellite/seascapes/gl_curr/GLOBE14_I90VAR3_9k_2014060.mat
GLOBE14_I90VAR3_9k_2014091.mat,ftp://ftp.whoi.edu/MBON/GLOBAL/BETA/SDG14/seascape/MODIS_3VAR_MO9k//GLOBE14_I90VAR3_9k_2014091.mat,/Volumes/Best HD/mbon_data_big/satellite/seascapes/gl_curr/GLOBE14_I90VAR3_9k_2014091.mat
GLOBE14_I90VAR3_9k_2014121.mat,ftp://ftp.whoi.edu/MBON/GLOBAL/BETA/SDG14/seascape/MODIS_3VAR_MO9k//GLOBE14_I90VAR3_9k_2014121.mat,/Volumes/Best HD/mbon_data_big/satellite/seascapes/gl_curr/GLOBE14_I90VAR3_9k_2014121.mat
GLOBE14_I90VAR3_9k_2014152.mat,ftp://ftp.whoi.edu/MBON/GLOBAL/BETA/SDG14/seascape/MODIS_3VAR_MO9k//GLOBE14_I90VAR3_9k_2014152.mat,/Volumes/Best HD/mbon_data_big/satellite/seascapes/gl_curr/GLOBE14_I90VAR3_9k_2014152.mat
GLOBE14_I90VAR3_9k_2014182.mat,ftp://ftp.whoi.edu/MBON/GLOBAL/BETA/SDG14/seascape/MODIS_3VAR_MO9k//GLOBE14_I90VAR3_9k_2014182.mat,/Volumes/Best HD/mbon_data_big/satellite/seascapes/gl_curr/GLOBE14_I90VAR3_9k_2014182.mat
GLOBE14_I90VAR3_9k_2014213.mat,ftp://ftp.whoi.edu/MBON/GLOBAL/BETA/SDG14/seascape/MODIS_3VAR_MO9k//GLOBE14_I90VAR3_9k_2014213.mat,/Volumes/Best HD/mbon_data_big/satellite/seascapes/gl_curr/GLOBE14_I90VAR3_9k_2014213.mat
GLOBE14_I90VAR3_9k_2014244.mat,ftp://ftp.whoi.edu/MBON/GLOBAL/BETA/SDG14/seascape/MODIS_3VAR_MO9k//GLOBE14_I90VAR3_9k_2014244.mat,/Volumes/Best HD/mbon_data_big/satellite/seascapes/gl_curr/GLOBE14_I90VAR3_9k_2014244.mat
GLOBE14_I90VAR3_9k_2014274.mat,ftp://ftp.whoi.edu/MBON/GLOBAL/BETA/SDG14/seascape/MODIS_3VAR_MO9k//GLOBE14_I90VAR3_9k_2014274.mat,/Volumes/Best HD/mbon_data_big/satellite/seascapes/gl_curr/GLOBE14_I90VAR3_9k_2014274.mat
GLOBE14_I90VAR3_9k_2014305.mat,ftp://ftp.whoi.edu/MBON/GLOBAL/BETA/SDG14/seascape/MODIS_3VAR_MO9k//GLOBE14_I90VAR3_9k_2014305.mat,/Volumes/Best HD/mbon_data_big/satellite/seascapes/gl_curr/GLOBE14_I90VAR3_9k_2014305.mat
GLOBE14_I90VAR3_9k_2014335.mat,ftp://ftp.whoi.edu/MBON/GLOBAL/BETA/SDG14/seascape/MODIS_3VAR_MO9k//GLOBE14_I90VAR3_9k_2014335.mat,/Volumes/Best HD/mbon_data_big/satellite/seascapes/gl_curr/GLOBE14_I90VAR3_9k_2014335.mat
GLOBE14_I90VAR3_9k_2015001.mat,ftp://ftp.whoi.edu/MBON/GLOBAL/BETA/SDG14/seascape/MODIS_3VAR_MO9k//GLOBE14_I90VAR3_9k_2015001.mat,/Volumes/Best HD/mbon_data_big/satellite/seascapes/gl_curr/GLOBE14_I90VAR3_9k_2015001.mat
GLOBE14_I90VAR3_9k_2015032.mat,ftp://ftp.whoi.edu/MBON/GLOBAL/BETA/SDG14/seascape/MODIS_3VAR_MO9k//GLOBE14_I90VAR3_9k_2015032.mat,/Volumes/Best HD/mbon_data_big/satellite/seascapes/gl_curr/GLOBE14_I90VAR3_9k_2015032.mat
GLOBE14_I90VAR3_9k_2015060.mat,ftp://ftp.whoi.edu/MBON/GLOBAL/BETA/SDG14/seascape/MODIS_3VAR_MO9k//GLOBE14_I90VAR3_9k_2015060.mat,/Volumes/Best HD/mbon_data_big/satellite/seascapes/gl_curr/GLOBE14_I90VAR3_9k_2015060.mat
GLOBE14_I90VAR3_9k_2015091.mat,ftp://ftp.whoi.edu/MBON/GLOBAL/BETA/SDG14/seascape/MODIS_3VAR_MO9k//GLOBE14_I90VAR3_9k_2015091.mat,/Volumes/Best HD/mbon_data_big/satellite/seascapes/gl_curr/GLOBE14_I90VAR3_9k_2015091.mat
GLOBE14_I90VAR3_9k_2015121.mat,ftp://ftp.whoi.edu/MBON/GLOBAL/BETA/SDG14/seascape/MODIS_3VAR_MO9k//GLOBE14_I90VAR3_9k_2015121.mat,/Volumes/Best HD/mbon_data_big/satellite/seascapes/gl_curr/GLOBE14_I90VAR3_9k_2015121.mat
GLOBE14_I90VAR3_9k_2015152.mat,ftp://ftp.whoi.edu/MBON/GLOBAL/BETA/SDG14/seascape/MODIS_3VAR_MO9k//GLOBE14_I90VAR3_9k_2015152.mat,/Volumes/Best HD/mbon_data_big/satellite/seascapes/gl_curr/GLOBE14_I90VAR3_9k_2015152.mat
GLOBE14_I90VAR3_9k_2015182.mat,ftp://ftp.whoi.edu/MBON/GLOBAL/BETA/SDG14/seascape/MODIS_3VAR_MO9k//GLOBE14_I90VAR3_9k_2015182.mat,/Volumes/Best HD/mbon_data_big/satellite/seascapes/gl_curr/GLOBE14_I90VAR3_9k_2015182.mat
GLOBE14_I90VAR3_9k_2015213.mat,ftp://ftp.whoi.edu/MBON/GLOBAL/BETA/SDG14/seascape/MODIS_3VAR_MO9k//GLOBE14_I90VAR3_9k_2015213.mat,/Volumes/Best HD/mbon_data_big/satellite/seascapes/gl_curr/GLOBE14_I90VAR3_9k_2015213.mat
GLOBE14_I90VAR3_9k_2015244.mat,ftp://ftp.whoi.edu/MBON/GLOBAL/BETA/SDG14/seascape/MODIS_3VAR_MO9k//GLOBE14_I90VAR3_9k_2015244.mat,/Volumes/Best HD/mbon_data_big/satellite/seascapes/gl_curr/GLOBE14_I90VAR3_9k_2015244.mat
GLOBE14_I90VAR3_9k_2015274.mat,ftp://ftp.whoi.edu/MBON/GLOBAL/BETA/SDG14/seascape/MODIS_3VAR_MO9k//GLOBE14_I90VAR3_9k_2015274.mat,/Volumes/Best HD/mbon_data_big/satellite/seascapes/gl_curr/GLOBE14_I90VAR3_9k_2015274.mat
GLOBE14_I90VAR3_9k_2015305.mat,ftp://ftp.whoi.edu/MBON/GLOBAL/BETA/SDG14/seascape/MODIS_3VAR_MO9k//GLOBE14_I90VAR3_9k_2015305.mat,/Volumes/Best HD/mbon_data_big/satellite/seascapes/gl_curr/GLOBE14_I90VAR3_9k_2015305.mat
GLOBE14_I90VAR3_9k_2015335.mat,ftp://ftp.whoi.edu/MBON/GLOBAL/BETA/SDG14/seascape/MODIS_3VAR_MO9k//GLOBE14_I90VAR3_9k_2015335.mat,/Volumes/Best HD/mbon_data_big/satellite/seascapes/gl_curr/GLOBE14_I90VAR3_9k_2015335.mat
GLOBE14_I90VAR3_9k_2016001.mat,ftp://ftp.whoi.edu/MBON/GLOBAL/BETA/SDG14/seascape/MODIS_3VAR_MO9k//GLOBE14_I90VAR3_9k_2016001.mat,/Volumes/Best HD/mbon_data_big/satellite/seascapes/gl_curr/GLOBE14_I90VAR3_9k_2016001.mat
GLOBE14_I90VAR3_9k_2016032.mat,ftp://ftp.whoi.edu/MBON/GLOBAL/BETA/SDG14/seascape/MODIS_3VAR_MO9k//GLOBE14_I90VAR3_9k_2016032.mat,/Volumes/Best HD/mbon_data_big/satellite/seascapes/gl_curr/GLOBE14_I90VAR3_9k_2016032.mat
GLOBE14_I90VAR3_9k_2016061.mat,ftp://ftp.whoi.edu/MBON/GLOBAL/BETA/SDG14/seascape/MODIS_3VAR_MO9k//GLOBE14_I90VAR3_9k_2016061.mat,/Volumes/Best HD/mbon_data_big/satellite/seascapes/gl_curr/GLOBE14_I90VAR3_9k_2016061.mat
GLOBE14_I90VAR3_9k_2016092.mat,ftp://ftp.whoi.edu/MBON/GLOBAL/BETA/SDG14/seascape/MODIS_3VAR_MO9k//GLOBE14_I90VAR3_9k_2016092.mat,/Volumes/Best HD/mbon_data_big/satellite/seascapes/gl_curr/GLOBE14_I90VAR3_9k_2016092.mat
GLOBE14_I90VAR3_9k_2016122.mat,ftp://ftp.whoi.edu/MBON/GLOBAL/BETA/SDG14/seascape/MODIS_3VAR_MO9k//GLOBE14_I90VAR3_9k_2016122.mat,/Volumes/Best HD/mbon_data_big/satellite/seascapes/gl_curr/GLOBE14_I90VAR3_9k_2016122.mat
GLOBE14_I90VAR3_9k_2016153.mat,ftp://ftp.whoi.edu/MBON/GLOBAL/BETA/SDG14/seascape/MODIS_3VAR_MO9k//GLOBE14_I90VAR3_9k_2016153.mat,/Volumes/Best HD/mbon_data_big/satellite/seascapes/gl_curr/GLOBE14_I90VAR3_9k_2016153.mat
GLOBE14_I90VAR3_9k_2016183.mat,ftp://ftp.whoi.edu/MBON/GLOBAL/BETA/SDG14/seascape/MODIS_3VAR_MO9k//GLOBE14_I90VAR3_9k_2016183.mat,/Volumes/Best HD/mbon_data_big/satellite/seascapes/gl_curr/GLOBE14_I90VAR3_9k_2016183.mat
GLOBE14_I90VAR3_9k_2016214.mat,ftp://ftp.whoi.edu/MBON/GLOBAL/BETA/SDG14/seascape/MODIS_3VAR_MO9k//GLOBE14_I90VAR3_9k_2016214.mat,/Volumes/Best HD/mbon_data_big/satellite/seascapes/gl_curr/GLOBE14_I90VAR3_9k_2016214.mat
GLOBE14_I90VAR3_9k_2016245.mat,ftp://ftp.whoi.edu/MBON/GLOBAL/BETA/SDG14/seascape/MODIS_3VAR_MO9k//GLOBE14_I90VAR3_9k_2016245.mat,/Volumes/Best HD/mbon_data_big/satellite/seascapes/gl_curr/GLOBE14_I90VAR3_9k_2016245.mat
GLOBE14_I90VAR3_9k_2016275.mat,ftp://ftp.whoi.edu/MBON/GLOBAL/BETA/SDG14/seascape/MODIS_3VAR_MO9k//GLOBE14_I90VAR3_9k_2016275.mat,/Volumes/Best HD/mbon_data_big/satellite/seascapes/gl_curr/GLOBE14_I90VAR3_9k_2016275.mat
GLOBE14_I90VAR3_9k_2016306.mat,ftp://ftp.whoi.edu/MBON/GLOBAL/BETA/SDG14/seascape/MODIS_3VAR_MO9k//GLOBE14_I90VAR3_9k_2016306.mat,/Volumes/Best HD/mbon_data_big/satellite/seascapes/gl_curr/GLOBE14_I90VAR3_9k_2016306.mat
GLOBE14_I90VAR3_9k_2016336.mat,ftp://ftp.whoi.edu/MBON/GLOBAL/BETA/SDG14/seascape/MODIS_3VAR_MO9k//GLOBE14_I90VAR3_9k_2016336.mat,/Volumes/Best HD/mbon_data_big/satellite/seascapes/gl_curr/GLOBE14_I90VAR3_9k_2016336.mat
GLOBE14_I90VAR3_9k_2017001.mat,ftp://ftp.whoi.edu/MBON/GLOBAL/BETA/SDG14/seascape/MODIS_3VAR_MO9k//GLOBE14_I90VAR3_9k_2017001.mat,/Volumes/Best HD/mbon_data_big/satellite/seascapes/gl_curr/GLOBE14_I90VAR3_9k_2017001.mat
GLOBE14_I90VAR3_9k_2017032.mat,ftp://ftp.whoi.edu/MBON/GLOBAL/BETA/SDG14/seascape/MODIS_3VAR_MO9k//GLOBE14_I90VAR3_9k_2017032.mat,/Volumes/Best HD/mbon_data_big/satellite/seascapes/gl_curr/GLOBE14_I90VAR3_9k_2017032.mat
GLOBE14_I90VAR3_9k_2017060.mat,ftp://ftp.whoi.edu/MBON/GLOBAL/BETA/SDG14/seascape/MODIS_3VAR_MO9k//GLOBE14_I90VAR3_9k_2017060.mat,/Volumes/Best HD/mbon_data_big/satellite/seascapes/gl_curr/GLOBE14_I90VAR3_9k_2017060.mat
GLOBE14_I90VAR4_SM4k_2002182.nc,ftp://ftp.whoi.edu/MBON/GLOBAL/BETA/SDG14/seascape/MODIS_3VAR_MO9k//GLOBE14_I90VAR4_SM4k_2002182.nc,/Volumes/Best HD/mbon_data_big/satellite/seascapes/gl_curr/GLOBE14_I90VAR4_SM4k_2002182.nc
GLOBE14_I90VAR4_SM4k_2002213.nc,ftp://ftp.whoi.edu/MBON/GLOBAL/BETA/SDG14/seascape/MODIS_3VAR_MO9k//GLOBE14_I90VAR4_SM4k_2002213.nc,/Volumes/Best HD/mbon_data_big/satellite/seascapes/gl_curr/GLOBE14_I90VAR4_SM4k_2002213.nc
GLOBE14_I90VAR4_SM4k_2002244.nc,ftp://ftp.whoi.edu/MBON/GLOBAL/BETA/SDG14/seascape/MODIS_3VAR_MO9k//GLOBE14_I90VAR4_SM4k_2002244.nc,/Volumes/Best HD/mbon_data_big/satellite/seascapes/gl_curr/GLOBE14_I90VAR4_SM4k_2002244.nc
GLOBE14_I90VAR4_SM4k_2002274.nc,ftp://ftp.whoi.edu/MBON/GLOBAL/BETA/SDG14/seascape/MODIS_3VAR_MO9k//GLOBE14_I90VAR4_SM4k_2002274.nc,/Volumes/Best HD/mbon_data_big/satellite/seascapes/gl_curr/GLOBE14_I90VAR4_SM4k_2002274.nc
GLOBE14_I90VAR4_SM4k_2002305.nc,ftp://ftp.whoi.edu/MBON/GLOBAL/BETA/SDG14/seascape/MODIS_3VAR_MO9k//GLOBE14_I90VAR4_SM4k_2002305.nc,/Volumes/Best HD/mbon_data_big/satellite/seascapes/gl_curr/GLOBE14_I90VAR4_SM4k_2002305.nc
GLOBE14_I90VAR4_SM4k_2002335.nc,ftp://ftp.whoi.edu/MBON/GLOBAL/BETA/SDG14/seascape/MODIS_3VAR_MO9k//GLOBE14_I90VAR4_SM4k_2002335.nc,/Volumes/Best HD/mbon_data_big/satellite/seascapes/gl_curr/GLOBE14_I90VAR4_SM4k_2002335.nc
GLOBE14_I90VAR4_SM4k_2003001.nc,ftp://ftp.whoi.edu/MBON/GLOBAL/BETA/SDG14/seascape/MODIS_3VAR_MO9k//GLOBE14_I90VAR4_SM4k_2003001.nc,/Volumes/Best HD/mbon_data_big/satellite/seascapes/gl_curr/GLOBE14_I90VAR4_SM4k_2003001.nc
GLOBE14_I90VAR4_SM4k_2003032.nc,ftp://ftp.whoi.edu/MBON/GLOBAL/BETA/SDG14/seascape/MODIS_3VAR_MO9k//GLOBE14_I90VAR4_SM4k_2003032.nc,/Volumes/Best HD/mbon_data_big/satellite/seascapes/gl_curr/GLOBE14_I90VAR4_SM4k_2003032.nc
GLOBE14_I90VAR4_SM4k_2003060.nc,ftp://ftp.whoi.edu/MBON/GLOBAL/BETA/SDG14/seascape/MODIS_3VAR_MO9k//GLOBE14_I90VAR4_SM4k_2003060.nc,/Volumes/Best HD/mbon_data_big/satellite/seascapes/gl_curr/GLOBE14_I90VAR4_SM4k_2003060.nc
GLOBE14_I90VAR4_SM4k_2003091.nc,ftp://ftp.whoi.edu/MBON/GLOBAL/BETA/SDG14/seascape/MODIS_3VAR_MO9k//GLOBE14_I90VAR4_SM4k_2003091.nc,/Volumes/Best HD/mbon_data_big/satellite/seascapes/gl_curr/GLOBE14_I90VAR4_SM4k_2003091.nc
GLOBE14_I90VAR4_SM4k_2003121.nc,ftp://ftp.whoi.edu/MBON/GLOBAL/BETA/SDG14/seascape/MODIS_3VAR_MO9k//GLOBE14_I90VAR4_SM4k_2003121.nc,/Volumes/Best HD/mbon_data_big/satellite/seascapes/gl_curr/GLOBE14_I90VAR4_SM4k_2003121.nc
GLOBE14_I90VAR4_SM4k_2003152.nc,ftp://ftp.whoi.edu/MBON/GLOBAL/BETA/SDG14/seascape/MODIS_3VAR_MO9k//GLOBE14_I90VAR4_SM4k_2003152.nc,/Volumes/Best HD/mbon_data_big/satellite/seascapes/gl_curr/GLOBE14_I90VAR4_SM4k_2003152.nc
GLOBE14_I90VAR4_SM4k_2003182.nc,ftp://ftp.whoi.edu/MBON/GLOBAL/BETA/SDG14/seascape/MODIS_3VAR_MO9k//GLOBE14_I90VAR4_SM4k_2003182.nc,/Volumes/Best HD/mbon_data_big/satellite/seascapes/gl_curr/GLOBE14_I90VAR4_SM4k_2003182.nc
GLOBE14_I90VAR4_SM4k_2003213.nc,ftp://ftp.whoi.edu/MBON/GLOBAL/BETA/SDG14/seascape/MODIS_3VAR_MO9k//GLOBE14_I90VAR4_SM4k_2003213.nc,/Volumes/Best HD/mbon_data_big/satellite/seascapes/gl_curr/GLOBE14_I90VAR4_SM4k_2003213.nc
GLOBE14_I90VAR4_SM4k_2003244.nc,ftp://ftp.whoi.edu/MBON/GLOBAL/BETA/SDG14/seascape/MODIS_3VAR_MO9k//GLOBE14_I90VAR4_SM4k_2003244.nc,/Volumes/Best HD/mbon_data_big/satellite/seascapes/gl_curr/GLOBE14_I90VAR4_SM4k_2003244.nc
GLOBE14_I90VAR4_SM4k_2003274.nc,ftp://ftp.whoi.edu/MBON/GLOBAL/BETA/SDG14/seascape/MODIS_3VAR_MO9k//GLOBE14_I90VAR4_SM4k_2003274.nc,/Volumes/Best HD/mbon_data_big/satellite/seascapes/gl_curr/GLOBE14_I90VAR4_SM4k_2003274.nc
GLOBE14_I90VAR4_SM4k_2003305.nc,ftp://ftp.whoi.edu/MBON/GLOBAL/BETA/SDG14/seascape/MODIS_3VAR_MO9k//GLOBE14_I90VAR4_SM4k_2003305.nc,/Volumes/Best HD/mbon_data_big/satellite/seascapes/gl_curr/GLOBE14_I90VAR4_SM4k_2003305.nc
GLOBE14_I90VAR4_SM4k_2003335.nc,ftp://ftp.whoi.edu/MBON/GLOBAL/BETA/SDG14/seascape/MODIS_3VAR_MO9k//GLOBE14_I90VAR4_SM4k_2003335.nc,/Volumes/Best HD/mbon_data_big/satellite/seascapes/gl_curr/GLOBE14_I90VAR4_SM4k_2003335.nc
GLOBE14_I90VAR4_SM4k_2004001.nc,ftp://ftp.whoi.edu/MBON/GLOBAL/BETA/SDG14/seascape/MODIS_3VAR_MO9k//GLOBE14_I90VAR4_SM4k_2004001.nc,/Volumes/Best HD/mbon_data_big/satellite/seascapes/gl_curr/GLOBE14_I90VAR4_SM4k_2004001.nc
GLOBE14_I90VAR4_SM4k_2004032.nc,ftp://ftp.whoi.edu/MBON/GLOBAL/BETA/SDG14/seascape/MODIS_3VAR_MO9k//GLOBE14_I90VAR4_SM4k_2004032.nc,/Volumes/Best HD/mbon_data_big/satellite/seascapes/gl_curr/GLOBE14_I90VAR4_SM4k_2004032.nc
GLOBE14_I90VAR4_SM4k_2004061.nc,ftp://ftp.whoi.edu/MBON/GLOBAL/BETA/SDG14/seascape/MODIS_3VAR_MO9k//GLOBE14_I90VAR4_SM4k_2004061.nc,/Volumes/Best HD/mbon_data_big/satellite/seascapes/gl_curr/GLOBE14_I90VAR4_SM4k_2004061.nc
GLOBE14_I90VAR4_SM4k_2004092.nc,ftp://ftp.whoi.edu/MBON/GLOBAL/BETA/SDG14/seascape/MODIS_3VAR_MO9k//GLOBE14_I90VAR4_SM4k_2004092.nc,/Volumes/Best HD/mbon_data_big/satellite/seascapes/gl_curr/GLOBE14_I90VAR4_SM4k_2004092.nc
GLOBE14_I90VAR4_SM4k_2004122.nc,ftp://ftp.whoi.edu/MBON/GLOBAL/BETA/SDG14/seascape/MODIS_3VAR_MO9k//GLOBE14_I90VAR4_SM4k_2004122.nc,/Volumes/Best HD/mbon_data_big/satellite/seascapes/gl_curr/GLOBE14_I90VAR4_SM4k_2004122.nc
GLOBE14_I90VAR4_SM4k_2004153.nc,ftp://ftp.whoi.edu/MBON/GLOBAL/BETA/SDG14/seascape/MODIS_3VAR_MO9k//GLOBE14_I90VAR4_SM4k_2004153.nc,/Volumes/Best HD/mbon_data_big/satellite/seascapes/gl_curr/GLOBE14_I90VAR4_SM4k_2004153.nc
GLOBE14_I90VAR4_SM4k_2004183.nc,ftp://ftp.whoi.edu/MBON/GLOBAL/BETA/SDG14/seascape/MODIS_3VAR_MO9k//GLOBE14_I90VAR4_SM4k_2004183.nc,/Volumes/Best HD/mbon_data_big/satellite/seascapes/gl_curr/GLOBE14_I90VAR4_SM4k_2004183.nc
GLOBE14_I90VAR4_SM4k_2004214.nc,ftp://ftp.whoi.edu/MBON/GLOBAL/BETA/SDG14/seascape/MODIS_3VAR_MO9k//GLOBE14_I90VAR4_SM4k_2004214.nc,/Volumes/Best HD/mbon_data_big/satellite/seascapes/gl_curr/GLOBE14_I90VAR4_SM4k_2004214.nc
GLOBE14_I90VAR4_SM4k_2004245.nc,ftp://ftp.whoi.edu/MBON/GLOBAL/BETA/SDG14/seascape/MODIS_3VAR_MO9k//GLOBE14_I90VAR4_SM4k_2004245.nc,/Volumes/Best HD/mbon_data_big/satellite/seascapes/gl_curr/GLOBE14_I90VAR4_SM4k_2004245.nc
GLOBE14_I90VAR4_SM4k_2004275.nc,ftp://ftp.whoi.edu/MBON/GLOBAL/BETA/SDG14/seascape/MODIS_3VAR_MO9k//GLOBE14_I90VAR4_SM4k_2004275.nc,/Volumes/Best HD/mbon_data_big/satellite/seascapes/gl_curr/GLOBE14_I90VAR4_SM4k_2004275.nc
GLOBE14_I90VAR4_SM4k_2004306.nc,ftp://ftp.whoi.edu/MBON/GLOBAL/BETA/SDG14/seascape/MODIS_3VAR_MO9k//GLOBE14_I90VAR4_SM4k_2004306.nc,/Volumes/Best HD/mbon_data_big/satellite/seascapes/gl_curr/GLOBE14_I90VAR4_SM4k_2004306.nc
GLOBE14_I90VAR4_SM4k_2004336.nc,ftp://ftp.whoi.edu/MBON/GLOBAL/BETA/SDG14/seascape/MODIS_3VAR_MO9k//GLOBE14_I90VAR4_SM4k_2004336.nc,/Volumes/Best HD/mbon_data_big/satellite/seascapes/gl_curr/GLOBE14_I90VAR4_SM4k_2004336.nc
GLOBE14_I90VAR4_SM4k_2005001.nc,ftp://ftp.whoi.edu/MBON/GLOBAL/BETA/SDG14/seascape/MODIS_3VAR_MO9k//GLOBE14_I90VAR4_SM4k_2005001.nc,/Volumes/Best HD/mbon_data_big/satellite/seascapes/gl_curr/GLOBE14_I90VAR4_SM4k_2005001.nc
GLOBE14_I90VAR4_SM4k_2005032.nc,ftp://ftp.whoi.edu/MBON/GLOBAL/BETA/SDG14/seascape/MODIS_3VAR_MO9k//GLOBE14_I90VAR4_SM4k_2005032.nc,/Volumes/Best HD/mbon_data_big/satellite/seascapes/gl_curr/GLOBE14_I90VAR4_SM4k_2005032.nc
GLOBE14_I90VAR4_SM4k_2005060.nc,ftp://ftp.whoi.edu/MBON/GLOBAL/BETA/SDG14/seascape/MODIS_3VAR_MO9k//GLOBE14_I90VAR4_SM4k_2005060.nc,/Volumes/Best HD/mbon_data_big/satellite/seascapes/gl_curr/GLOBE14_I90VAR4_SM4k_2005060.nc
GLOBE14_I90VAR4_SM4k_2005091.nc,ftp://ftp.whoi.edu/MBON/GLOBAL/BETA/SDG14/seascape/MODIS_3VAR_MO9k//GLOBE14_I90VAR4_SM4k_2005091.nc,/Volumes/Best HD/mbon_data_big/satellite/seascapes/gl_curr/GLOBE14_I90VAR4_SM4k_2005091.nc
GLOBE14_I90VAR4_SM4k_2005121.nc,ftp://ftp.whoi.edu/MBON/GLOBAL/BETA/SDG14/seascape/MODIS_3VAR_MO9k//GLOBE14_I90VAR4_SM4k_2005121.nc,/Volumes/Best HD/mbon_data_big/satellite/seascapes/gl_curr/GLOBE14_I90VAR4_SM4k_2005121.nc
GLOBE14_I90VAR4_SM4k_2005152.nc,ftp://ftp.whoi.edu/MBON/GLOBAL/BETA/SDG14/seascape/MODIS_3VAR_MO9k//GLOBE14_I90VAR4_SM4k_2005152.nc,/Volumes/Best HD/mbon_data_big/satellite/seascapes/gl_curr/GLOBE14_I90VAR4_SM4k_2005152.nc
GLOBE14_I90VAR4_SM4k_2005182.nc,ftp://ftp.whoi.edu/MBON/GLOBAL/BETA/SDG14/seascape/MODIS_3VAR_MO9k//GLOBE14_I90VAR4_SM4k_2005182.nc,/Volumes/Best HD/mbon_data_big/satellite/seascapes/gl_curr/GLOBE14_I90VAR4_SM4k_2005182.nc
GLOBE14_I90VAR4_SM4k_2005213.nc,ftp://ftp.whoi.edu/MBON/GLOBAL/BETA/SDG14/seascape/MODIS_3VAR_MO9k//GLOBE14_I90VAR4_SM4k_2005213.nc,/Volumes/Best HD/mbon_data_big/satellite/seascapes/gl_curr/GLOBE14_I90VAR4_SM4k_2005213.nc
GLOBE14_I90VAR4_SM4k_2005244.nc,ftp://ftp.whoi.edu/MBON/GLOBAL/BETA/SDG14/seascape/MODIS_3VAR_MO9k//GLOBE14_I90VAR4_SM4k_2005244.nc,/Volumes/Best HD/mbon_data_big/satellite/seascapes/gl_curr/GLOBE14_I90VAR4_SM4k_2005244.nc
GLOBE14_I90VAR4_SM4k_2005274.nc,ftp://ftp.whoi.edu/MBON/GLOBAL/BETA/SDG14/seascape/MODIS_3VAR_MO9k//GLOBE14_I90VAR4_SM4k_2005274.nc,/Volumes/Best HD/mbon_data_big/satellite/seascapes/gl_curr/GLOBE14_I90VAR4_SM4k_2005274.nc
GLOBE14_I90VAR4_SM4k_2005305.nc,ftp://ftp.whoi.edu/MBON/GLOBAL/BETA/SDG14/seascape/MODIS_3VAR_MO9k//GLOBE14_I90VAR4_SM4k_2005305.nc,/Volumes/Best HD/mbon_data_big/satellite/seascapes/gl_curr/GLOBE14_I90VAR4_SM4k_2005305.nc
GLOBE14_I90VAR4_SM4k_2005335.nc,ftp://ftp.whoi.edu/MBON/GLOBAL/BETA/SDG14/seascape/MODIS_3VAR_MO9k//GLOBE14_I90VAR4_SM4k_2005335.nc,/Volumes/Best HD/mbon_data_big/satellite/seascapes/gl_curr/GLOBE14_I90VAR4_SM4k_2005335.nc
GLOBE14_I90VAR4_SM4k_2006001.nc,ftp://ftp.whoi.edu/MBON/GLOBAL/BETA/SDG14/seascape/MODIS_3VAR_MO9k//GLOBE14_I90VAR4_SM4k_2006001.nc,/Volumes/Best HD/mbon_data_big/satellite/seascapes/gl_curr/GLOBE14_I90VAR4_SM4k_2006001.nc
GLOBE14_I90VAR4_SM4k_2006032.nc,ftp://ftp.whoi.edu/MBON/GLOBAL/BETA/SDG14/seascape/MODIS_3VAR_MO9k//GLOBE14_I90VAR4_SM4k_2006032.nc,/Volumes/Best HD/mbon_data_big/satellite/seascapes/gl_curr/GLOBE14_I90VAR4_SM4k_2006032.nc
GLOBE14_I90VAR4_SM4k_2006060.nc,ftp://ftp.whoi.edu/MBON/GLOBAL/BETA/SDG14/seascape/MODIS_3VAR_MO9k//GLOBE14_I90VAR4_SM4k_2006060.nc,/Volumes/Best HD/mbon_data_big/satellite/seascapes/gl_curr/GLOBE14_I90VAR4_SM4k_2006060.nc
GLOBE14_I90VAR4_SM4k_2006091.nc,ftp://ftp.whoi.edu/MBON/GLOBAL/BETA/SDG14/seascape/MODIS_3VAR_MO9k//GLOBE14_I90VAR4_SM4k_2006091.nc,/Volumes/Best HD/mbon_data_big/satellite/seascapes/gl_curr/GLOBE14_I90VAR4_SM4k_2006091.nc
GLOBE14_I90VAR4_SM4k_2006121.nc,ftp://ftp.whoi.edu/MBON/GLOBAL/BETA/SDG14/seascape/MODIS_3VAR_MO9k//GLOBE14_I90VAR4_SM4k_2006121.nc,/Volumes/Best HD/mbon_data_big/satellite/seascapes/gl_curr/GLOBE14_I90VAR4_SM4k_2006121.nc
GLOBE14_I90VAR4_SM4k_2006152.nc,ftp://ftp.whoi.edu/MBON/GLOBAL/BETA/SDG14/seascape/MODIS_3VAR_MO9k//GLOBE14_I90VAR4_SM4k_2006152.nc,/Volumes/Best HD/mbon_data_big/satellite/seascapes/gl_curr/GLOBE14_I90VAR4_SM4k_2006152.nc
GLOBE14_I90VAR4_SM4k_2006182.nc,ftp://ftp.whoi.edu/MBON/GLOBAL/BETA/SDG14/seascape/MODIS_3VAR_MO9k//GLOBE14_I90VAR4_SM4k_2006182.nc,/Volumes/Best HD/mbon_data_big/satellite/seascapes/gl_curr/GLOBE14_I90VAR4_SM4k_2006182.nc
GLOBE14_I90VAR4_SM4k_2006213.nc,ftp://ftp.whoi.edu/MBON/GLOBAL/BETA/SDG14/seascape/MODIS_3VAR_MO9k//GLOBE14_I90VAR4_SM4k_2006213.nc,/Volumes/Best HD/mbon_data_big/satellite/seascapes/gl_curr/GLOBE14_I90VAR4_SM4k_2006213.nc
GLOBE14_I90VAR4_SM4k_2006244.nc,ftp://ftp.whoi.edu/MBON/GLOBAL/BETA/SDG14/seascape/MODIS_3VAR_MO9k//GLOBE14_I90VAR4_SM4k_2006244.nc,/Volumes/Best HD/mbon_data_big/satellite/seascapes/gl_curr/GLOBE14_I90VAR4_SM4k_2006244.nc
GLOBE14_I90VAR4_SM4k_2006274.nc,ftp://ftp.whoi.edu/MBON/GLOBAL/BETA/SDG14/seascape/MODIS_3VAR_MO9k//GLOBE14_I90VAR4_SM4k_2006274.nc,/Volumes/Best HD/mbon_data_big/satellite/seascapes/gl_curr/GLOBE14_I90VAR4_SM4k_2006274.nc
GLOBE14_I90VAR4_SM4k_2006305.nc,ftp://ftp.whoi.edu/MBON/GLOBAL/BETA/SDG14/seascape/MODIS_3VAR_MO9k//GLOBE14_I90VAR4_SM4k_2006305.nc,/Volumes/Best HD/mbon_data_big/satellite/seascapes/gl_curr/GLOBE14_I90VAR4_SM4k_2006305.nc
GLOBE14_I90VAR4_SM4k_2006335.nc,ftp://ftp.whoi.edu/MBON/GLOBAL/BETA/SDG14/seascape/MODIS_3VAR_MO9k//GLOBE14_I90VAR4_SM4k_2006335.nc,/Volumes/Best HD/mbon_data_big/satellite/seascapes/gl_curr/GLOBE14_I90VAR4_SM4k_2006335.nc
GLOBE14_I90VAR4_SM4k_2007001.nc,ftp://ftp.whoi.edu/MBON/GLOBAL/BETA/SDG14/seascape/MODIS_3VAR_MO9k//GLOBE14_I90VAR4_SM4k_2007001.nc,/Volumes/Best HD/mbon_data_big/satellite/seascapes/gl_curr/GLOBE14_I90VAR4_SM4k_2007001.nc
GLOBE14_I90VAR4_SM4k_2007032.nc,ftp://ftp.whoi.edu/MBON/GLOBAL/BETA/SDG14/seascape/MODIS_3VAR_MO9k//GLOBE14_I90VAR4_SM4k_2007032.nc,/Volumes/Best HD/mbon_data_big/satellite/seascapes/gl_curr/GLOBE14_I90VAR4_SM4k_2007032.nc
GLOBE14_I90VAR4_SM4k_2007060.nc,ftp://ftp.whoi.edu/MBON/GLOBAL/BETA/SDG14/seascape/MODIS_3VAR_MO9k//GLOBE14_I90VAR4_SM4k_2007060.nc,/Volumes/Best HD/mbon_data_big/satellite/seascapes/gl_curr/GLOBE14_I90VAR4_SM4k_2007060.nc
GLOBE14_I90VAR4_SM4k_2007091.nc,ftp://ftp.whoi.edu/MBON/GLOBAL/BETA/SDG14/seascape/MODIS_3VAR_MO9k//GLOBE14_I90VAR4_SM4k_2007091.nc,/Volumes/Best HD/mbon_data_big/satellite/seascapes/gl_curr/GLOBE14_I90VAR4_SM4k_2007091.nc
GLOBE14_I90VAR4_SM4k_2007121.nc,ftp://ftp.whoi.edu/MBON/GLOBAL/BETA/SDG14/seascape/MODIS_3VAR_MO9k//GLOBE14_I90VAR4_SM4k_2007121.nc,/Volumes/Best HD/mbon_data_big/satellite/seascapes/gl_curr/GLOBE14_I90VAR4_SM4k_2007121.nc
GLOBE14_I90VAR4_SM4k_2007152.nc,ftp://ftp.whoi.edu/MBON/GLOBAL/BETA/SDG14/seascape/MODIS_3VAR_MO9k//GLOBE14_I90VAR4_SM4k_2007152.nc,/Volumes/Best HD/mbon_data_big/satellite/seascapes/gl_curr/GLOBE14_I90VAR4_SM4k_2007152.nc
GLOBE14_I90VAR4_SM4k_2007182.nc,ftp://ftp.whoi.edu/MBON/GLOBAL/BETA/SDG14/seascape/MODIS_3VAR_MO9k//GLOBE14_I90VAR4_SM4k_2007182.nc,/Volumes/Best HD/mbon_data_big/satellite/seascapes/gl_curr/GLOBE14_I90VAR4_SM4k_2007182.nc
GLOBE14_I90VAR4_SM4k_2007213.nc,ftp://ftp.whoi.edu/MBON/GLOBAL/BETA/SDG14/seascape/MODIS_3VAR_MO9k//GLOBE14_I90VAR4_SM4k_2007213.nc,/Volumes/Best HD/mbon_data_big/satellite/seascapes/gl_curr/GLOBE14_I90VAR4_SM4k_2007213.nc
GLOBE14_I90VAR4_SM4k_2007244.nc,ftp://ftp.whoi.edu/MBON/GLOBAL/BETA/SDG14/seascape/MODIS_3VAR_MO9k//GLOBE14_I90VAR4_SM4k_2007244.nc,/Volumes/Best HD/mbon_data_big/satellite/seascapes/gl_curr/GLOBE14_I90VAR4_SM4k_2007244.nc
GLOBE14_I90VAR4_SM4k_2007274.nc,ftp://ftp.whoi.edu/MBON/GLOBAL/BETA/SDG14/seascape/MODIS_3VAR_MO9k//GLOBE14_I90VAR4_SM4k_2007274.nc,/Volumes/Best HD/mbon_data_big/satellite/seascapes/gl_curr/GLOBE14_I90VAR4_SM4k_2007274.nc
GLOBE14_I90VAR4_SM4k_2007305.nc,ftp://ftp.whoi.edu/MBON/GLOBAL/BETA/SDG14/seascape/MODIS_3VAR_MO9k//GLOBE14_I90VAR4_SM4k_2007305.nc,/Volumes/Best HD/mbon_data_big/satellite/seascapes/gl_curr/GLOBE14_I90VAR4_SM4k_2007305.nc
GLOBE14_I90VAR4_SM4k_2007335.nc,ftp://ftp.whoi.edu/MBON/GLOBAL/BETA/SDG14/seascape/MODIS_3VAR_MO9k//GLOBE14_I90VAR4_SM4k_2007335.nc,/Volumes/Best HD/mbon_data_big/satellite/seascapes/gl_curr/GLOBE14_I90VAR4_SM4k_2007335.nc
GLOBE14_I90VAR4_SM4k_2008001.nc,ftp://ftp.whoi.edu/MBON/GLOBAL/BETA/SDG14/seascape/MODIS_3VAR_MO9k//GLOBE14_I90VAR4_SM4k_2008001.nc,/Volumes/Best HD/mbon_data_big/satellite/seascapes/gl_curr/GLOBE14_I90VAR4_SM4k_2008001.nc
GLOBE14_I90VAR4_SM4k_2008032.nc,ftp://ftp.whoi.edu/MBON/GLOBAL/BETA/SDG14/seascape/MODIS_3VAR_MO9k//GLOBE14_I90VAR4_SM4k_2008032.nc,/Volumes/Best HD/mbon_data_big/satellite/seascapes/gl_curr/GLOBE14_I90VAR4_SM4k_2008032.nc
GLOBE14_I90VAR4_SM4k_2008061.nc,ftp://ftp.whoi.edu/MBON/GLOBAL/BETA/SDG14/seascape/MODIS_3VAR_MO9k//GLOBE14_I90VAR4_SM4k_2008061.nc,/Volumes/Best HD/mbon_data_big/satellite/seascapes/gl_curr/GLOBE14_I90VAR4_SM4k_2008061.nc
GLOBE14_I90VAR4_SM4k_2008092.nc,ftp://ftp.whoi.edu/MBON/GLOBAL/BETA/SDG14/seascape/MODIS_3VAR_MO9k//GLOBE14_I90VAR4_SM4k_2008092.nc,/Volumes/Best HD/mbon_data_big/satellite/seascapes/gl_curr/GLOBE14_I90VAR4_SM4k_2008092.nc
GLOBE14_I90VAR4_SM4k_2008122.nc,ftp://ftp.whoi.edu/MBON/GLOBAL/BETA/SDG14/seascape/MODIS_3VAR_MO9k//GLOBE14_I90VAR4_SM4k_2008122.nc,/Volumes/Best HD/mbon_data_big/satellite/seascapes/gl_curr/GLOBE14_I90VAR4_SM4k_2008122.nc
GLOBE14_I90VAR4_SM4k_2008153.nc,ftp://ftp.whoi.edu/MBON/GLOBAL/BETA/SDG14/seascape/MODIS_3VAR_MO9k//GLOBE14_I90VAR4_SM4k_2008153.nc,/Volumes/Best HD/mbon_data_big/satellite/seascapes/gl_curr/GLOBE14_I90VAR4_SM4k_2008153.nc
GLOBE14_I90VAR4_SM4k_2008183.nc,ftp://ftp.whoi.edu/MBON/GLOBAL/BETA/SDG14/seascape/MODIS_3VAR_MO9k//GLOBE14_I90VAR4_SM4k_2008183.nc,/Volumes/Best HD/mbon_data_big/satellite/seascapes/gl_curr/GLOBE14_I90VAR4_SM4k_2008183.nc
GLOBE14_I90VAR4_SM4k_2008214.nc,ftp://ftp.whoi.edu/MBON/GLOBAL/BETA/SDG14/seascape/MODIS_3VAR_MO9k//GLOBE14_I90VAR4_SM4k_2008214.nc,/Volumes/Best HD/mbon_data_big/satellite/seascapes/gl_curr/GLOBE14_I90VAR4_SM4k_2008214.nc
GLOBE14_I90VAR4_SM4k_2008245.nc,ftp://ftp.whoi.edu/MBON/GLOBAL/BETA/SDG14/seascape/MODIS_3VAR_MO9k//GLOBE14_I90VAR4_SM4k_2008245.nc,/Volumes/Best HD/mbon_data_big/satellite/seascapes/gl_curr/GLOBE14_I90VAR4_SM4k_2008245.nc
GLOBE14_I90VAR4_SM4k_2008275.nc,ftp://ftp.whoi.edu/MBON/GLOBAL/BETA/SDG14/seascape/MODIS_3VAR_MO9k//GLOBE14_I90VAR4_SM4k_2008275.nc,/Volumes/Best HD/mbon_data_big/satellite/seascapes/gl_curr/GLOBE14_I90VAR4_SM4k_2008275.nc
GLOBE14_I90VAR4_SM4k_2008306.nc,ftp://ftp.whoi.edu/MBON/GLOBAL/BETA/SDG14/seascape/MODIS_3VAR_MO9k//GLOBE14_I90VAR4_SM4k_2008306.nc,/Volumes/Best HD/mbon_data_big/satellite/seascapes/gl_curr/GLOBE14_I90VAR4_SM4k_2008306.nc
GLOBE14_I90VAR4_SM4k_2008336.nc,ftp://ftp.whoi.edu/MBON/GLOBAL/BETA/SDG14/seascape/MODIS_3VAR_MO9k//GLOBE14_I90VAR4_SM4k_2008336.nc,/Volumes/Best HD/mbon_data_big/satellite/seascapes/gl_curr/GLOBE14_I90VAR4_SM4k_2008336.nc
GLOBE14_I90VAR4_SM4k_2009001.nc,ftp://ftp.whoi.edu/MBON/GLOBAL/BETA/SDG14/seascape/MODIS_3VAR_MO9k//GLOBE14_I90VAR4_SM4k_2009001.nc,/Volumes/Best HD/mbon_data_big/satellite/seascapes/gl_curr/GLOBE14_I90VAR4_SM4k_2009001.nc
GLOBE14_I90VAR4_SM4k_2009032.nc,ftp://ftp.whoi.edu/MBON/GLOBAL/BETA/SDG14/seascape/MODIS_3VAR_MO9k//GLOBE14_I90VAR4_SM4k_2009032.nc,/Volumes/Best HD/mbon_data_big/satellite/seascapes/gl_curr/GLOBE14_I90VAR4_SM4k_2009032.nc
GLOBE14_I90VAR4_SM4k_2009060.nc,ftp://ftp.whoi.edu/MBON/GLOBAL/BETA/SDG14/seascape/MODIS_3VAR_MO9k//GLOBE14_I90VAR4_SM4k_2009060.nc,/Volumes/Best HD/mbon_data_big/satellite/seascapes/gl_curr/GLOBE14_I90VAR4_SM4k_2009060.nc
GLOBE14_I90VAR4_SM4k_2009091.nc,ftp://ftp.whoi.edu/MBON/GLOBAL/BETA/SDG14/seascape/MODIS_3VAR_MO9k//GLOBE14_I90VAR4_SM4k_2009091.nc,/Volumes/Best HD/mbon_data_big/satellite/seascapes/gl_curr/GLOBE14_I90VAR4_SM4k_2009091.nc
GLOBE14_I90VAR4_SM4k_2009121.nc,ftp://ftp.whoi.edu/MBON/GLOBAL/BETA/SDG14/seascape/MODIS_3VAR_MO9k//GLOBE14_I90VAR4_SM4k_2009121.nc,/Volumes/Best HD/mbon_data_big/satellite/seascapes/gl_curr/GLOBE14_I90VAR4_SM4k_2009121.nc
GLOBE14_I90VAR4_SM4k_2009152.nc,ftp://ftp.whoi.edu/MBON/GLOBAL/BETA/SDG14/seascape/MODIS_3VAR_MO9k//GLOBE14_I90VAR4_SM4k_2009152.nc,/Volumes/Best HD/mbon_data_big/satellite/seascapes/gl_curr/GLOBE14_I90VAR4_SM4k_2009152.nc
GLOBE14_I90VAR4_SM4k_2009182.nc,ftp://ftp.whoi.edu/MBON/GLOBAL/BETA/SDG14/seascape/MODIS_3VAR_MO9k//GLOBE14_I90VAR4_SM4k_2009182.nc,/Volumes/Best HD/mbon_data_big/satellite/seascapes/gl_curr/GLOBE14_I90VAR4_SM4k_2009182.nc
GLOBE14_I90VAR4_SM4k_2009213.nc,ftp://ftp.whoi.edu/MBON/GLOBAL/BETA/SDG14/seascape/MODIS_3VAR_MO9k//GLOBE14_I90VAR4_SM4k_2009213.nc,/Volumes/Best HD/mbon_data_big/satellite/seascapes/gl_curr/GLOBE14_I90VAR4_SM4k_2009213.nc
GLOBE14_I90VAR4_SM4k_2009244.nc,ftp://ftp.whoi.edu/MBON/GLOBAL/BETA/SDG14/seascape/MODIS_3VAR_MO9k//GLOBE14_I90VAR4_SM4k_2009244.nc,/Volumes/Best HD/mbon_data_big/satellite/seascapes/gl_curr/GLOBE14_I90VAR4_SM4k_2009244.nc
GLOBE14_I90VAR4_SM4k_2009274.nc,ftp://ftp.whoi.edu/MBON/GLOBAL/BETA/SDG14/seascape/MODIS_3VAR_MO9k//GLOBE14_I90VAR4_SM4k_2009274.nc,/Volumes/Best HD/mbon_data_big/satellite/seascapes/gl_curr/GLOBE14_I90VAR4_SM4k_2009274.nc
GLOBE14_I90VAR4_SM4k_2009305.nc,ftp://ftp.whoi.edu/MBON/GLOBAL/BETA/SDG14/seascape/MODIS_3VAR_MO9k//GLOBE14_I90VAR4_SM4k_2009305.nc,/Volumes/Best HD/mbon_data_big/satellite/seascapes/gl_curr/GLOBE14_I90VAR4_SM4k_2009305.nc
GLOBE14_I90VAR4_SM4k_2009335.nc,ftp://ftp.whoi.edu/MBON/GLOBAL/BETA/SDG14/seascape/MODIS_3VAR_MO9k//GLOBE14_I90VAR4_SM4k_2009335.nc,/Volumes/Best HD/mbon_data_big/satellite/seascapes/gl_curr/GLOBE14_I90VAR4_SM4k_2009335.nc
GLOBE14_I90VAR4_SM4k_2010001.nc,ftp://ftp.whoi.edu/MBON/GLOBAL/BETA/SDG14/seascape/MODIS_3VAR_MO9k//GLOBE14_I90VAR4_SM4k_2010001.nc,/Volumes/Best HD/mbon_data_big/satellite/seascapes/gl_curr/GLOBE14_I90VAR4_SM4k_2010001.nc
GLOBE14_I90VAR4_SM4k_2010032.nc,ftp://ftp.whoi.edu/MBON/GLOBAL/BETA/SDG14/seascape/MODIS_3VAR_MO9k//GLOBE14_I90VAR4_SM4k_2010032.nc,/Volumes/Best HD/mbon_data_big/satellite/seascapes/gl_curr/GLOBE14_I90VAR4_SM4k_2010032.nc
GLOBE14_I90VAR4_SM4k_2010060.nc,ftp://ftp.whoi.edu/MBON/GLOBAL/BETA/SDG14/seascape/MODIS_3VAR_MO9k//GLOBE14_I90VAR4_SM4k_2010060.nc,/Volumes/Best HD/mbon_data_big/satellite/seascapes/gl_curr/GLOBE14_I90VAR4_SM4k_2010060.nc
GLOBE14_I90VAR4_SM4k_2010091.nc,ftp://ftp.whoi.edu/MBON/GLOBAL/BETA/SDG14/seascape/MODIS_3VAR_MO9k//GLOBE14_I90VAR4_SM4k_2010091.nc,/Volumes/Best HD/mbon_data_big/satellite/seascapes/gl_curr/GLOBE14_I90VAR4_SM4k_2010091.nc
GLOBE14_I90VAR4_SM4k_2010121.nc,ftp://ftp.whoi.edu/MBON/GLOBAL/BETA/SDG14/seascape/MODIS_3VAR_MO9k//GLOBE14_I90VAR4_SM4k_2010121.nc,/Volumes/Best HD/mbon_data_big/satellite/seascapes/gl_curr/GLOBE14_I90VAR4_SM4k_2010121.nc
GLOBE14_I90VAR4_SM4k_2010152.nc,ftp://ftp.whoi.edu/MBON/GLOBAL/BETA/SDG14/seascape/MODIS_3VAR_MO9k//GLOBE14_I90VAR4_SM4k_2010152.nc,/Volumes/Best HD/mbon_data_big/satellite/seascapes/gl_curr/GLOBE14_I90VAR4_SM4k_2010152.nc
GLOBE14_I90VAR4_SM4k_2010182.nc,ftp://ftp.whoi.edu/MBON/GLOBAL/BETA/SDG14/seascape/MODIS_3VAR_MO9k//GLOBE14_I90VAR4_SM4k_2010182.nc,/Volumes/Best HD/mbon_data_big/satellite/seascapes/gl_curr/GLOBE14_I90VAR4_SM4k_2010182.nc
GLOBE14_I90VAR4_SM4k_2010213.nc,ftp://ftp.whoi.edu/MBON/GLOBAL/BETA/SDG14/seascape/MODIS_3VAR_MO9k//GLOBE14_I90VAR4_SM4k_2010213.nc,/Volumes/Best HD/mbon_data_big/satellite/seascapes/gl_curr/GLOBE14_I90VAR4_SM4k_2010213.nc
GLOBE14_I90VAR4_SM4k_2010244.nc,ftp://ftp.whoi.edu/MBON/GLOBAL/BETA/SDG14/seascape/MODIS_3VAR_MO9k//GLOBE14_I90VAR4_SM4k_2010244.nc,/Volumes/Best HD/mbon_data_big/satellite/seascapes/gl_curr/GLOBE14_I90VAR4_SM4k_2010244.nc
GLOBE14_I90VAR4_SM4k_2010274.nc,ftp://ftp.whoi.edu/MBON/GLOBAL/BETA/SDG14/seascape/MODIS_3VAR_MO9k//GLOBE14_I90VAR4_SM4k_2010274.nc,/Volumes/Best HD/mbon_data_big/satellite/seascapes/gl_curr/GLOBE14_I90VAR4_SM4k_2010274.nc
GLOBE14_I90VAR4_SM4k_2010305.nc,ftp://ftp.whoi.edu/MBON/GLOBAL/BETA/SDG14/seascape/MODIS_3VAR_MO9k//GLOBE14_I90VAR4_SM4k_2010305.nc,/Volumes/Best HD/mbon_data_big/satellite/seascapes/gl_curr/GLOBE14_I90VAR4_SM4k_2010305.nc
GLOBE14_I90VAR4_SM4k_2010335.nc,ftp://ftp.whoi.edu/MBON/GLOBAL/BETA/SDG14/seascape/MODIS_3VAR_MO9k//GLOBE14_I90VAR4_SM4k_2010335.nc,/Volumes/Best HD/mbon_data_big/satellite/seascapes/gl_curr/GLOBE14_I90VAR4_SM4k_2010335.nc
GLOBE14_I90VAR4_SM4k_2011001.nc,ftp://ftp.whoi.edu/MBON/GLOBAL/BETA/SDG14/seascape/MODIS_3VAR_MO9k//GLOBE14_I90VAR4_SM4k_2011001.nc,/Volumes/Best HD/mbon_data_big/satellite/seascapes/gl_curr/GLOBE14_I90VAR4_SM4k_2011001.nc
GLOBE14_I90VAR4_SM4k_2011032.nc,ftp://ftp.whoi.edu/MBON/GLOBAL/BETA/SDG14/seascape/MODIS_3VAR_MO9k//GLOBE14_I90VAR4_SM4k_2011032.nc,/Volumes/Best HD/mbon_data_big/satellite/seascapes/gl_curr/GLOBE14_I90VAR4_SM4k_2011032.nc
GLOBE14_I90VAR4_SM4k_2011060.nc,ftp://ftp.whoi.edu/MBON/GLOBAL/BETA/SDG14/seascape/MODIS_3VAR_MO9k//GLOBE14_I90VAR4_SM4k_2011060.nc,/Volumes/Best HD/mbon_data_big/satellite/seascapes/gl_curr/GLOBE14_I90VAR4_SM4k_2011060.nc
GLOBE14_I90VAR4_SM4k_2011091.nc,ftp://ftp.whoi.edu/MBON/GLOBAL/BETA/SDG14/seascape/MODIS_3VAR_MO9k//GLOBE14_I90VAR4_SM4k_2011091.nc,/Volumes/Best HD/mbon_data_big/satellite/seascapes/gl_curr/GLOBE14_I90VAR4_SM4k_2011091.nc
GLOBE14_I90VAR4_SM4k_2011121.nc,ftp://ftp.whoi.edu/MBON/GLOBAL/BETA/SDG14/seascape/MODIS_3VAR_MO9k//GLOBE14_I90VAR4_SM4k_2011121.nc,/Volumes/Best HD/mbon_data_big/satellite/seascapes/gl_curr/GLOBE14_I90VAR4_SM4k_2011121.nc
GLOBE14_I90VAR4_SM4k_2011152.nc,ftp://ftp.whoi.edu/MBON/GLOBAL/BETA/SDG14/seascape/MODIS_3VAR_MO9k//GLOBE14_I90VAR4_SM4k_2011152.nc,/Volumes/Best HD/mbon_data_big/satellite/seascapes/gl_curr/GLOBE14_I90VAR4_SM4k_2011152.nc
GLOBE14_I90VAR4_SM4k_2011182.nc,ftp://ftp.whoi.edu/MBON/GLOBAL/BETA/SDG14/seascape/MODIS_3VAR_MO9k//GLOBE14_I90VAR4_SM4k_2011182.nc,/Volumes/Best HD/mbon_data_big/satellite/seascapes/gl_curr/GLOBE14_I90VAR4_SM4k_2011182.nc
GLOBE14_I90VAR4_SM4k_2011213.nc,ftp://ftp.whoi.edu/MBON/GLOBAL/BETA/SDG14/seascape/MODIS_3VAR_MO9k//GLOBE14_I90VAR4_SM4k_2011213.nc,/Volumes/Best HD/mbon_data_big/satellite/seascapes/gl_curr/GLOBE14_I90VAR4_SM4k_2011213.nc
GLOBE14_I90VAR4_SM4k_2011244.nc,ftp://ftp.whoi.edu/MBON/GLOBAL/BETA/SDG14/seascape/MODIS_3VAR_MO9k//GLOBE14_I90VAR4_SM4k_2011244.nc,/Volumes/Best HD/mbon_data_big/satellite/seascapes/gl_curr/GLOBE14_I90VAR4_SM4k_2011244.nc
GLOBE14_I90VAR4_SM4k_2011274.nc,ftp://ftp.whoi.edu/MBON/GLOBAL/BETA/SDG14/seascape/MODIS_3VAR_MO9k//GLOBE14_I90VAR4_SM4k_2011274.nc,/Volumes/Best HD/mbon_data_big/satellite/seascapes/gl_curr/GLOBE14_I90VAR4_SM4k_2011274.nc
GLOBE14_I90VAR4_SM4k_2011305.nc,ftp://ftp.whoi.edu/MBON/GLOBAL/BETA/SDG14/seascape/MODIS_3VAR_MO9k//GLOBE14_I90VAR4_SM4k_2011305.nc,/Volumes/Best HD/mbon_data_big/satellite/seascapes/gl_curr/GLOBE14_I90VAR4_SM4k_2011305.nc
GLOBE14_I90VAR4_SM4k_2011335.nc,ftp://ftp.whoi.edu/MBON/GLOBAL/BETA/SDG14/seascape/MODIS_3VAR_MO9k//GLOBE14_I90VAR4_SM4k_2011335.nc,/Volumes/Best HD/mbon_data_big/satellite/seascapes/gl_curr/GLOBE14_I90VAR4_SM4k_2011335.nc
GLOBE14_I90VAR4_SM4k_2012001.nc,ftp://ftp.whoi.edu/MBON/GLOBAL/BETA/SDG14/seascape/MODIS_3VAR_MO9k//GLOBE14_I90VAR4_SM4k_2012001.nc,/Volumes/Best HD/mbon_data_big/satellite/seascapes/gl_curr/GLOBE14_I90VAR4_SM4k_2012001.nc
GLOBE14_I90VAR4_SM4k_2012032.nc,ftp://ftp.whoi.edu/MBON/GLOBAL/BETA/SDG14/seascape/MODIS_3VAR_MO9k//GLOBE14_I90VAR4_SM4k_2012032.nc,/Volumes/Best HD/mbon_data_big/satellite/seascapes/gl_curr/GLOBE14_I90VAR4_SM4k_2012032.nc
GLOBE14_I90VAR4_SM4k_2012061.nc,ftp://ftp.whoi.edu/MBON/GLOBAL/BETA/SDG14/seascape/MODIS_3VAR_MO9k//GLOBE14_I90VAR4_SM4k_2012061.nc,/Volumes/Best HD/mbon_data_big/satellite/seascapes/gl_curr/GLOBE14_I90VAR4_SM4k_2012061.nc
GLOBE14_I90VAR4_SM4k_2012092.nc,ftp://ftp.whoi.edu/MBON/GLOBAL/BETA/SDG14/seascape/MODIS_3VAR_MO9k//GLOBE14_I90VAR4_SM4k_2012092.nc,/Volumes/Best HD/mbon_data_big/satellite/seascapes/gl_curr/GLOBE14_I90VAR4_SM4k_2012092.nc
GLOBE14_I90VAR4_SM4k_2012122.nc,ftp://ftp.whoi.edu/MBON/GLOBAL/BETA/SDG14/seascape/MODIS_3VAR_MO9k//GLOBE14_I90VAR4_SM4k_2012122.nc,/Volumes/Best HD/mbon_data_big/satellite/seascapes/gl_curr/GLOBE14_I90VAR4_SM4k_2012122.nc
GLOBE14_I90VAR4_SM4k_2012153.nc,ftp://ftp.whoi.edu/MBON/GLOBAL/BETA/SDG14/seascape/MODIS_3VAR_MO9k//GLOBE14_I90VAR4_SM4k_2012153.nc,/Volumes/Best HD/mbon_data_big/satellite/seascapes/gl_curr/GLOBE14_I90VAR4_SM4k_2012153.nc
GLOBE14_I90VAR4_SM4k_2012183.nc,ftp://ftp.whoi.edu/MBON/GLOBAL/BETA/SDG14/seascape/MODIS_3VAR_MO9k//GLOBE14_I90VAR4_SM4k_2012183.nc,/Volumes/Best HD/mbon_data_big/satellite/seascapes/gl_curr/GLOBE14_I90VAR4_SM4k_2012183.nc
GLOBE14_I90VAR4_SM4k_2012214.nc,ftp://ftp.whoi.edu/MBON/GLOBAL/BETA/SDG14/seascape/MODIS_3VAR_MO9k//GLOBE14_I90VAR4_SM4k_2012214.nc,/Volumes/Best HD/mbon_data_big/satellite/seascapes/gl_curr/GLOBE14_I90VAR4_SM4k_2012214.nc
GLOBE14_I90VAR4_SM4k_2012245.nc,ftp://ftp.whoi.edu/MBON/GLOBAL/BETA/SDG14/seascape/MODIS_3VAR_MO9k//GLOBE14_I90VAR4_SM4k_2012245.nc,/Volumes/Best HD/mbon_data_big/satellite/seascapes/gl_curr/GLOBE14_I90VAR4_SM4k_2012245.nc
GLOBE14_I90VAR4_SM4k_2012275.nc,ftp://ftp.whoi.edu/MBON/GLOBAL/BETA/SDG14/seascape/MODIS_3VAR_MO9k//GLOBE14_I90VAR4_SM4k_2012275.nc,/Volumes/Best HD/mbon_data_big/satellite/seascapes/gl_curr/GLOBE14_I90VAR4_SM4k_2012275.nc
GLOBE14_I90VAR4_SM4k_2012306.nc,ftp://ftp.whoi.edu/MBON/GLOBAL/BETA/SDG14/seascape/MODIS_3VAR_MO9k//GLOBE14_I90VAR4_SM4k_2012306.nc,/Volumes/Best HD/mbon_data_big/satellite/seascapes/gl_curr/GLOBE14_I90VAR4_SM4k_2012306.nc
GLOBE14_I90VAR4_SM4k_2012336.nc,ftp://ftp.whoi.edu/MBON/GLOBAL/BETA/SDG14/seascape/MODIS_3VAR_MO9k//GLOBE14_I90VAR4_SM4k_2012336.nc,/Volumes/Best HD/mbon_data_big/satellite/seascapes/gl_curr/GLOBE14_I90VAR4_SM4k_2012336.nc
GLOBE14_I90VAR4_SM4k_2013001.nc,ftp://ftp.whoi.edu/MBON/GLOBAL/BETA/SDG14/seascape/MODIS_3VAR_MO9k//GLOBE14_I90VAR4_SM4k_2013001.nc,/Volumes/Best HD/mbon_data_big/satellite/seascapes/gl_curr/GLOBE14_I90VAR4_SM4k_2013001.nc
GLOBE14_I90VAR4_SM4k_2013032.nc,ftp://ftp.whoi.edu/MBON/GLOBAL/BETA/SDG14/seascape/MODIS_3VAR_MO9k//GLOBE14_I90VAR4_SM4k_2013032.nc,/Volumes/Best HD/mbon_data_big/satellite/seascapes/gl_curr/GLOBE14_I90VAR4_SM4k_2013032.nc
GLOBE14_I90VAR4_SM4k_2013060.nc,ftp://ftp.whoi.edu/MBON/GLOBAL/BETA/SDG14/seascape/MODIS_3VAR_MO9k//GLOBE14_I90VAR4_SM4k_2013060.nc,/Volumes/Best HD/mbon_data_big/satellite/seascapes/gl_curr/GLOBE14_I90VAR4_SM4k_2013060.nc
GLOBE14_I90VAR4_SM4k_2013091.nc,ftp://ftp.whoi.edu/MBON/GLOBAL/BETA/SDG14/seascape/MODIS_3VAR_MO9k//GLOBE14_I90VAR4_SM4k_2013091.nc,/Volumes/Best HD/mbon_data_big/satellite/seascapes/gl_curr/GLOBE14_I90VAR4_SM4k_2013091.nc
GLOBE14_I90VAR4_SM4k_2013121.nc,ftp://ftp.whoi.edu/MBON/GLOBAL/BETA/SDG14/seascape/MODIS_3VAR_MO9k//GLOBE14_I90VAR4_SM4k_2013121.nc,/Volumes/Best HD/mbon_data_big/satellite/seascapes/gl_curr/GLOBE14_I90VAR4_SM4k_2013121.nc
GLOBE14_I90VAR4_SM4k_2013152.nc,ftp://ftp.whoi.edu/MBON/GLOBAL/BETA/SDG14/seascape/MODIS_3VAR_MO9k//GLOBE14_I90VAR4_SM4k_2013152.nc,/Volumes/Best HD/mbon_data_big/satellite/seascapes/gl_curr/GLOBE14_I90VAR4_SM4k_2013152.nc
GLOBE14_I90VAR4_SM4k_2013182.nc,ftp://ftp.whoi.edu/MBON/GLOBAL/BETA/SDG14/seascape/MODIS_3VAR_MO9k//GLOBE14_I90VAR4_SM4k_2013182.nc,/Volumes/Best HD/mbon_data_big/satellite/seascapes/gl_curr/GLOBE14_I90VAR4_SM4k_2013182.nc
GLOBE14_I90VAR4_SM4k_2013213.nc,ftp://ftp.whoi.edu/MBON/GLOBAL/BETA/SDG14/seascape/MODIS_3VAR_MO9k//GLOBE14_I90VAR4_SM4k_2013213.nc,/Volumes/Best HD/mbon_data_big/satellite/seascapes/gl_curr/GLOBE14_I90VAR4_SM4k_2013213.nc
GLOBE14_I90VAR4_SM4k_2013244.nc,ftp://ftp.whoi.edu/MBON/GLOBAL/BETA/SDG14/seascape/MODIS_3VAR_MO9k//GLOBE14_I90VAR4_SM4k_2013244.nc,/Volumes/Best HD/mbon_data_big/satellite/seascapes/gl_curr/GLOBE14_I90VAR4_SM4k_2013244.nc
GLOBE14_I90VAR4_SM4k_2013274.nc,ftp://ftp.whoi.edu/MBON/GLOBAL/BETA/SDG14/seascape/MODIS_3VAR_MO9k//GLOBE14_I90VAR4_SM4k_2013274.nc,/Volumes/Best HD/mbon_data_big/satellite/seascapes/gl_curr/GLOBE14_I90VAR4_SM4k_2013274.nc
GLOBE14_I90VAR4_SM4k_2013305.nc,ftp://ftp.whoi.edu/MBON/GLOBAL/BETA/SDG14/seascape/MODIS_3VAR_MO9k//GLOBE14_I90VAR4_SM4k_2013305.nc,/Volumes/Best HD/mbon_data_big/satellite/seascapes/gl_curr/GLOBE14_I90VAR4_SM4k_2013305.nc
GLOBE14_I90VAR4_SM4k_2013335.nc,ftp://ftp.whoi.edu/MBON/GLOBAL/BETA/SDG14/seascape/MODIS_3VAR_MO9k//GLOBE14_I90VAR4_SM4k_2013335.nc,/Volumes/Best HD/mbon_data_big/satellite/seascapes/gl_curr/GLOBE14_I90VAR4_SM4k_2013335.nc
GLOBE14_I90VAR4_SM4k_2014001.nc,ftp://ftp.whoi.edu/MBON/GLOBAL/BETA/SDG14/seascape/MODIS_3VAR_MO9k//GLOBE14_I90VAR4_SM4k_2014001.nc,/Volumes/Best HD/mbon_data_big/satellite/seascapes/gl_curr/GLOBE14_I90VAR4_SM4k_2014001.nc
GLOBE14_I90VAR4_SM4k_2014032.nc,ftp://ftp.whoi.edu/MBON/GLOBAL/BETA/SDG14/seascape/MODIS_3VAR_MO9k//GLOBE14_I90VAR4_SM4k_2014032.nc,/Volumes/Best HD/mbon_data_big/satellite/seascapes/gl_curr/GLOBE14_I90VAR4_SM4k_2014032.nc
GLOBE14_I90VAR4_SM4k_2014060.nc,ftp://ftp.whoi.edu/MBON/GLOBAL/BETA/SDG14/seascape/MODIS_3VAR_MO9k//GLOBE14_I90VAR4_SM4k_2014060.nc,/Volumes/Best HD/mbon_data_big/satellite/seascapes/gl_curr/GLOBE14_I90VAR4_SM4k_2014060.nc
GLOBE14_I90VAR4_SM4k_2014091.nc,ftp://ftp.whoi.edu/MBON/GLOBAL/BETA/SDG14/seascape/MODIS_3VAR_MO9k//GLOBE14_I90VAR4_SM4k_2014091.nc,/Volumes/Best HD/mbon_data_big/satellite/seascapes/gl_curr/GLOBE14_I90VAR4_SM4k_2014091.nc
GLOBE14_I90VAR4_SM4k_2014121.nc,ftp://ftp.whoi.edu/MBON/GLOBAL/BETA/SDG14/seascape/MODIS_3VAR_MO9k//GLOBE14_I90VAR4_SM4k_2014121.nc,/Volumes/Best HD/mbon_data_big/satellite/seascapes/gl_curr/GLOBE14_I90VAR4_SM4k_2014121.nc
GLOBE14_I90VAR4_SM4k_2014152.nc,ftp://ftp.whoi.edu/MBON/GLOBAL/BETA/SDG14/seascape/MODIS_3VAR_MO9k//GLOBE14_I90VAR4_SM4k_2014152.nc,/Volumes/Best HD/mbon_data_big/satellite/seascapes/gl_curr/GLOBE14_I90VAR4_SM4k_2014152.nc
GLOBE14_I90VAR4_SM4k_2014182.nc,ftp://ftp.whoi.edu/MBON/GLOBAL/BETA/SDG14/seascape/MODIS_3VAR_MO9k//GLOBE14_I90VAR4_SM4k_2014182.nc,/Volumes/Best HD/mbon_data_big/satellite/seascapes/gl_curr/GLOBE14_I90VAR4_SM4k_2014182.nc
GLOBE14_I90VAR4_SM4k_2014213.nc,ftp://ftp.whoi.edu/MBON/GLOBAL/BETA/SDG14/seascape/MODIS_3VAR_MO9k//GLOBE14_I90VAR4_SM4k_2014213.nc,/Volumes/Best HD/mbon_data_big/satellite/seascapes/gl_curr/GLOBE14_I90VAR4_SM4k_2014213.nc
GLOBE14_I90VAR4_SM4k_2014244.nc,ftp://ftp.whoi.edu/MBON/GLOBAL/BETA/SDG14/seascape/MODIS_3VAR_MO9k//GLOBE14_I90VAR4_SM4k_2014244.nc,/Volumes/Best HD/mbon_data_big/satellite/seascapes/gl_curr/GLOBE14_I90VAR4_SM4k_2014244.nc
GLOBE14_I90VAR4_SM4k_2014274.nc,ftp://ftp.whoi.edu/MBON/GLOBAL/BETA/SDG14/seascape/MODIS_3VAR_MO9k//GLOBE14_I90VAR4_SM4k_2014274.nc,/Volumes/Best HD/mbon_data_big/satellite/seascapes/gl_curr/GLOBE14_I90VAR4_SM4k_2014274.nc
GLOBE14_I90VAR4_SM4k_2014305.nc,ftp://ftp.whoi.edu/MBON/GLOBAL/BETA/SDG14/seascape/MODIS_3VAR_MO9k//GLOBE14_I90VAR4_SM4k_2014305.nc,/Volumes/Best HD/mbon_data_big/satellite/seascapes/gl_curr/GLOBE14_I90VAR4_SM4k_2014305.nc
GLOBE14_I90VAR4_SM4k_2014335.nc,ftp://ftp.whoi.edu/MBON/GLOBAL/BETA/SDG14/seascape/MODIS_3VAR_MO9k//GLOBE14_I90VAR4_SM4k_2014335.nc,/Volumes/Best HD/mbon_data_big/satellite/seascapes/gl_curr/GLOBE14_I90VAR4_SM4k_2014335.nc
GLOBE14_I90VAR4_SM4k_2015001.nc,ftp://ftp.whoi.edu/MBON/GLOBAL/BETA/SDG14/seascape/MODIS_3VAR_MO9k//GLOBE14_I90VAR4_SM4k_2015001.nc,/Volumes/Best HD/mbon_data_big/satellite/seascapes/gl_curr/GLOBE14_I90VAR4_SM4k_2015001.nc
GLOBE14_I90VAR4_SM4k_2015032.nc,ftp://ftp.whoi.edu/MBON/GLOBAL/BETA/SDG14/seascape/MODIS_3VAR_MO9k//GLOBE14_I90VAR4_SM4k_2015032.nc,/Volumes/Best HD/mbon_data_big/satellite/seascapes/gl_curr/GLOBE14_I90VAR4_SM4k_2015032.nc
GLOBE14_I90VAR4_SM4k_2015060.nc,ftp://ftp.whoi.edu/MBON/GLOBAL/BETA/SDG14/seascape/MODIS_3VAR_MO9k//GLOBE14_I90VAR4_SM4k_2015060.nc,/Volumes/Best HD/mbon_data_big/satellite/seascapes/gl_curr/GLOBE14_I90VAR4_SM4k_2015060.nc
GLOBE14_I90VAR4_SM4k_2015091.nc,ftp://ftp.whoi.edu/MBON/GLOBAL/BETA/SDG14/seascape/MODIS_3VAR_MO9k//GLOBE14_I90VAR4_SM4k_2015091.nc,/Volumes/Best HD/mbon_data_big/satellite/seascapes/gl_curr/GLOBE14_I90VAR4_SM4k_2015091.nc
GLOBE14_I90VAR4_SM4k_2015121.nc,ftp://ftp.whoi.edu/MBON/GLOBAL/BETA/SDG14/seascape/MODIS_3VAR_MO9k//GLOBE14_I90VAR4_SM4k_2015121.nc,/Volumes/Best HD/mbon_data_big/satellite/seascapes/gl_curr/GLOBE14_I90VAR4_SM4k_2015121.nc
GLOBE14_I90VAR4_SM4k_2015152.nc,ftp://ftp.whoi.edu/MBON/GLOBAL/BETA/SDG14/seascape/MODIS_3VAR_MO9k//GLOBE14_I90VAR4_SM4k_2015152.nc,/Volumes/Best HD/mbon_data_big/satellite/seascapes/gl_curr/GLOBE14_I90VAR4_SM4k_2015152.nc
GLOBE14_I90VAR4_SM4k_2015182.nc,ftp://ftp.whoi.edu/MBON/GLOBAL/BETA/SDG14/seascape/MODIS_3VAR_MO9k//GLOBE14_I90VAR4_SM4k_2015182.nc,/Volumes/Best HD/mbon_data_big/satellite/seascapes/gl_curr/GLOBE14_I90VAR4_SM4k_2015182.nc
GLOBE14_I90VAR4_SM4k_2015213.nc,ftp://ftp.whoi.edu/MBON/GLOBAL/BETA/SDG14/seascape/MODIS_3VAR_MO9k//GLOBE14_I90VAR4_SM4k_2015213.nc,/Volumes/Best HD/mbon_data_big/satellite/seascapes/gl_curr/GLOBE14_I90VAR4_SM4k_2015213.nc
GLOBE14_I90VAR4_SM4k_2015244.nc,ftp://ftp.whoi.edu/MBON/GLOBAL/BETA/SDG14/seascape/MODIS_3VAR_MO9k//GLOBE14_I90VAR4_SM4k_2015244.nc,/Volumes/Best HD/mbon_data_big/satellite/seascapes/gl_curr/GLOBE14_I90VAR4_SM4k_2015244.nc
GLOBE14_I90VAR4_SM4k_2015274.nc,ftp://ftp.whoi.edu/MBON/GLOBAL/BETA/SDG14/seascape/MODIS_3VAR_MO9k//GLOBE14_I90VAR4_SM4k_2015274.nc,/Volumes/Best HD/mbon_data_big/satellite/seascapes/gl_curr/GLOBE14_I90VAR4_SM4k_2015274.nc
GLOBE14_I90VAR4_SM4k_2015305.nc,ftp://ftp.whoi.edu/MBON/GLOBAL/BETA/SDG14/seascape/MODIS_3VAR_MO9k//GLOBE14_I90VAR4_SM4k_2015305.nc,/Volumes/Best HD/mbon_data_big/satellite/seascapes/gl_curr/GLOBE14_I90VAR4_SM4k_2015305.nc
GLOBE14_I90VAR4_SM4k_2015335.nc,ftp://ftp.whoi.edu/MBON/GLOBAL/BETA/SDG14/seascape/MODIS_3VAR_MO9k//GLOBE14_I90VAR4_SM4k_2015335.nc,/Volumes/Best HD/mbon_data_big/satellite/seascapes/gl_curr/GLOBE14_I90VAR4_SM4k_2015335.nc
GLOBE14_I90VAR4_SM4k_2016001.nc,ftp://ftp.whoi.edu/MBON/GLOBAL/BETA/SDG14/seascape/MODIS_3VAR_MO9k//GLOBE14_I90VAR4_SM4k_2016001.nc,/Volumes/Best HD/mbon_data_big/satellite/seascapes/gl_curr/GLOBE14_I90VAR4_SM4k_2016001.nc
GLOBE14_I90VAR4_SM4k_2016032.nc,ftp://ftp.whoi.edu/MBON/GLOBAL/BETA/SDG14/seascape/MODIS_3VAR_MO9k//GLOBE14_I90VAR4_SM4k_2016032.nc,/Volumes/Best HD/mbon_data_big/satellite/seascapes/gl_curr/GLOBE14_I90VAR4_SM4k_2016032.nc
GLOBE14_I90VAR4_SM4k_2016061.nc,ftp://ftp.whoi.edu/MBON/GLOBAL/BETA/SDG14/seascape/MODIS_3VAR_MO9k//GLOBE14_I90VAR4_SM4k_2016061.nc,/Volumes/Best HD/mbon_data_big/satellite/seascapes/gl_curr/GLOBE14_I90VAR4_SM4k_2016061.nc
GLOBE14_I90VAR4_SM4k_2016092.nc,ftp://ftp.whoi.edu/MBON/GLOBAL/BETA/SDG14/seascape/MODIS_3VAR_MO9k//GLOBE14_I90VAR4_SM4k_2016092.nc,/Volumes/Best HD/mbon_data_big/satellite/seascapes/gl_curr/GLOBE14_I90VAR4_SM4k_2016092.nc
GLOBE14_I90VAR4_SM4k_2016122.nc,ftp://ftp.whoi.edu/MBON/GLOBAL/BETA/SDG14/seascape/MODIS_3VAR_MO9k//GLOBE14_I90VAR4_SM4k_2016122.nc,/Volumes/Best HD/mbon_data_big/satellite/seascapes/gl_curr/GLOBE14_I90VAR4_SM4k_2016122.nc
GLOBE14_I90VAR4_SM4k_2016153.nc,ftp://ftp.whoi.edu/MBON/GLOBAL/BETA/SDG14/seascape/MODIS_3VAR_MO9k//GLOBE14_I90VAR4_SM4k_2016153.nc,/Volumes/Best HD/mbon_data_big/satellite/seascapes/gl_curr/GLOBE14_I90VAR4_SM4k_2016153.nc
GLOBE14_I90VAR4_SM4k_2016183.nc,ftp://ftp.whoi.edu/MBON/GLOBAL/BETA/SDG14/seascape/MODIS_3VAR_MO9k//GLOBE14_I90VAR4_SM4k_2016183.nc,/Volumes/Best HD/mbon_data_big/satellite/seascapes/gl_curr/GLOBE14_I90VAR4_SM4k_2016183.nc
GLOBE14_I90VAR4_SM4k_2016214.nc,ftp://ftp.whoi.edu/MBON/GLOBAL/BETA/SDG14/seascape/MODIS_3VAR_MO9k//GLOBE14_I90VAR4_SM4k_2016214.nc,/Volumes/Best HD/mbon_data_big/satellite/seascapes/gl_curr/GLOBE14_I90VAR4_SM4k_2016214.nc
GLOBE14_I90VAR4_SM4k_2016245.nc,ftp://ftp.whoi.edu/MBON/GLOBAL/BETA/SDG14/seascape/MODIS_3VAR_MO9k//GLOBE14_I90VAR4_SM4k_2016245.nc,/Volumes/Best HD/mbon_data_big/satellite/seascapes/gl_curr/GLOBE14_I90VAR4_SM4k_2016245.nc
GLOBE14_I90VAR4_SM4k_2016275.nc,ftp://ftp.whoi.edu/MBON/GLOBAL/BETA/SDG14/seascape/MODIS_3VAR_MO9k//GLOBE14_I90VAR4_SM4k_2016275.nc,/Volumes/Best HD/mbon_data_big/satellite/seascapes/gl_curr/GLOBE14_I90VAR4_SM4k_2016275.nc
GLOBE14_I90VAR4_SM4k_2016306.nc,ftp://ftp.whoi.edu/MBON/GLOBAL/BETA/SDG14/seascape/MODIS_3VAR_MO9k//GLOBE14_I90VAR4_SM4k_2016306.nc,/Volumes/Best HD/mbon_data_big/satellite/seascapes/gl_curr/GLOBE14_I90VAR4_SM4k_2016306.nc
GLOBE14_I90VAR4_SM4k_2016336.nc,ftp://ftp.whoi.edu/MBON/GLOBAL/BETA/SDG14/seascape/MODIS_3VAR_MO9k//GLOBE14_I90VAR4_SM4k_2016336.nc,/Volumes/Best HD/mbon_data_big/satellite/seascapes/gl_curr/GLOBE14_I90VAR4_SM4k_2016336.nc
GLOBE14_I90VAR4_SM4k_2017001.nc,ftp://ftp.whoi.edu/MBON/GLOBAL/BETA/SDG14/seascape/MODIS_3VAR_MO9k//GLOBE14_I90VAR4_SM4k_2017001.nc,/Volumes/Best HD/mbon_data_big/satellite/seascapes/gl_curr/GLOBE14_I90VAR4_SM4k_2017001.nc
GLOBE14_I90VAR4_SM4k_2017032.nc,ftp://ftp.whoi.edu/MBON/GLOBAL/BETA/SDG14/seascape/MODIS_3VAR_MO9k//GLOBE14_I90VAR4_SM4k_2017032.nc,/Volumes/Best HD/mbon_data_big/satellite/seascapes/gl_curr/GLOBE14_I90VAR4_SM4k_2017032.nc
GLOBE14_I90VAR4_SM4k_2017060.nc,ftp://ftp.whoi.edu/MBON/GLOBAL/BETA/SDG14/seascape/MODIS_3VAR_MO9k//GLOBE14_I90VAR4_SM4k_2017060.nc,/Volumes/Best HD/mbon_data_big/satellite/seascapes/gl_curr/GLOBE14_I90VAR4_SM4k_2017060.nc
